employee_id,employee_name,hours_worked,overtime_hours,total_hours,date,department,supervisor_name,pay_rate,total_pay
1,Merrielle Garnall,4.45,2.91,7.36,15/01/2022,Marketing,Jackquelin Ginn,23.28,171.3408
2,Kathye Testro,14.26,15.12,29.38,19/01/2022,IT,Kristina Kleis,11.73,344.6274
3,Cordey Robichon,31.85,4.77,36.62,05/01/2022,Finance,Camel Cantera,10.82,396.2284
4,Maisie Yockley,25.67,15.52,41.19,04/01/2022,IT,Karlan Danigel,12.2,502.518
5,Brandice McNevin,11.19,13.35,24.54,06/01/2022,Sales,Jessamine Channon,34.14,837.7956
6,Tammara Sargeaunt,35.87,15.56,51.43,15/01/2022,Marketing,Britney Ebbage,47.88,2462.4684
7,Fredrika Mence,9.54,6.01,15.55,15/01/2022,IT,Devland MacAndreis,46.26,719.343
8,Val Comizzoli,13.39,10.4,23.79,10/01/2022,Sales,Mayor Olivella,41.35,983.7165
9,Kailey Lafee,4.76,17.99,22.75,05/01/2022,Sales,Aimil Kondratyuk,47.4,1078.35
10,Lenette Cazereau,21.68,7.36,29.04,24/01/2022,Sales,Cleon Beyn,40.55,1177.572
11,Aloisia Monkleigh,0.29,2.54,2.83,05/01/2022,Marketing,Kenyon Toffoloni,23.73,67.1559
12,Jessalin Brislen,11.81,15.48,27.29,03/01/2022,Marketing,Simone Trittam,40.08,1093.7832
13,Zak Linnemann,24.38,2.72,27.1,05/01/2022,Sales,Silvan Issit,41.98,1137.658
14,Valaria Court,1.04,3.04,4.08,21/01/2022,HR,Fawne Tennock,16.2,66.096
15,Jamil Vedenyapin,1.66,17.6,19.26,08/01/2022,Marketing,Sunshine Foale,42.38,816.2388
16,Panchito Gomez,0.73,5.7,6.43,26/01/2022,Sales,Emmy Daubney,26.96,173.3528
17,Marylou Saynor,12.1,18.28,30.38,23/01/2022,IT,Sibyl Silverman,31.02,942.3876
18,Ralf Ghelarducci,32.09,11.99,44.08,23/01/2022,IT,Byram Daysh,36.24,1597.4592
19,Etheline Tarte,21.19,8.28,29.47,16/01/2022,Marketing,Dot Ladds,31.24,920.6428
20,Frederik Fidoe,38.68,5.47,44.15,07/01/2022,IT,Isis Pidcock,39.71,1753.1965
21,Betteann Schouthede,28.84,11.88,40.72,08/01/2022,IT,Keslie Hegden,18.13,738.2536
22,Sibylla Elgy,2.64,4.07,6.71,11/01/2022,Marketing,Stephie Troughton,11.54,77.4334
23,Lucita Mattock,19.88,0.93,20.81,21/01/2022,HR,Reece Rubinowitsch,30.24,629.2944
24,Gaby O'Dyvoy,15.82,9.97,25.79,18/01/2022,Finance,Kiley Palomba,21.01,541.8479
25,Ros Connikie,32.09,14.03,46.12,04/01/2022,HR,Julianna Bernard,37.31,1720.7372
26,Algernon Tongs,39.17,14.71,53.88,11/01/2022,Marketing,Rodge McKeurton,34.87,1878.7956
27,Kimberly Ettery,3.25,18.92,22.17,10/01/2022,Marketing,Emmalee Phipps,47.8,1059.726
28,Nari Sporrij,9.2,14.8,24.0,09/01/2022,Finance,Fawne Vice,36.62,878.88
29,Giorgio Broschek,10.46,1.1,11.56,26/01/2022,HR,Tandie Penlington,40.91,472.9196
30,Pepito Darragh,24.32,4.78,29.1,05/01/2022,HR,Natka McDonald,38.28,1113.948
31,Arlen Veldstra,18.25,13.73,31.98,14/01/2022,HR,Hakim Dalyell,42.18,1348.9164
32,Roderick Vasler,3.22,8.69,11.91,27/01/2022,HR,Dmitri Seamans,13.27,158.0457
33,Neda Lovemore,7.36,19.03,26.39,27/01/2022,IT,Ibby Hagergham,43.28,1142.1592
34,Samara Canete,9.19,3.06,12.25,23/01/2022,Finance,Derwin Blackledge,38.71,474.1975
35,Andrus Wallentin,17.82,16.24,34.06,23/01/2022,Marketing,Terrijo Nizard,40.0,1362.4
36,Ronni Ossulton,31.76,17.96,49.72,29/01/2022,Sales,Tam Folca,26.24,1304.6528
37,Tucky Epton,0.61,1.55,2.16,19/01/2022,Marketing,Calli Orton,33.8,73.008
38,Sher Nials,5.42,18.07,23.49,03/01/2022,HR,Harry Norrey,31.22,733.3578
39,Janka Shorie,26.69,1.9,28.59,19/01/2022,Marketing,Meara Castelot,34.59,988.9281
40,Katey Juza,7.69,9.34,17.03,24/01/2022,Finance,Stormy Nibley,47.94,816.4182
41,Denney Klimczak,12.55,19.78,32.33,05/01/2022,IT,Julietta Edward,40.32,1303.5456
42,Lalo Mattin,12.02,3.3,15.32,10/01/2022,HR,Benedick Carnoghan,13.68,209.5776
43,Fitz Valentine,7.66,14.76,22.42,27/01/2022,Marketing,Sarene Grzesiak,45.38,1017.4196
44,Ellissa Pippard,15.53,0.57,16.1,22/01/2022,IT,Burch Charkham,44.02,708.722
45,Felecia Skipperbottom,7.05,18.93,25.98,27/01/2022,Marketing,Lynna Flinders,17.28,448.9344
46,Gilburt Dradey,20.69,5.35,26.04,27/01/2022,Finance,Genna Pipet,32.96,858.2784
47,Dom Pecht,31.18,5.67,36.85,03/01/2022,Marketing,Xaviera Di Giorgio,24.9,917.565
48,Sunny Jost,4.11,14.46,18.57,05/01/2022,Marketing,Tamqrah Rakestraw,42.22,784.0254
49,Martyn Edeler,15.76,8.2,23.96,10/01/2022,IT,Lisetta Tulloch,31.77,761.2092
50,Meryl Broadway,30.06,1.11,31.17,02/01/2022,Sales,Baillie Eddington,20.44,637.1148
51,Gearalt Odhams,6.73,18.5,25.23,06/01/2022,HR,Yetty Folbigg,14.76,372.3948
52,Cletus Potte,9.14,7.15,16.29,22/01/2022,IT,Celia Barkworth,12.72,207.2088
53,Avictor Ahlf,17.8,3.22,21.02,16/01/2022,IT,Annabella Dulany,46.05,967.971
54,Shalne Gritsunov,37.14,14.24,51.38,06/01/2022,Finance,Marlin Chesnay,42.46,2181.5948
55,Adiana Matthisson,8.68,16.91,25.59,30/01/2022,Sales,Marv Vanyashkin,33.07,846.2613
56,Christi Garwill,13.76,10.44,24.2,25/01/2022,Finance,Charlean Coleman,42.22,1021.724
57,Irene Spitell,34.42,2.0,36.42,26/01/2022,Sales,Yance Childers,34.34,1250.6628
58,Stefan Blunden,21.16,12.33,33.49,30/01/2022,Marketing,Ericka Holehouse,11.84,396.5216
59,Tymon Neasham,17.72,5.29,23.01,24/01/2022,HR,Wynnie Solley,16.24,373.6824
60,Kalila Wallwork,25.58,3.0,28.58,17/01/2022,Sales,Edik Stern,39.26,1122.0508
61,Shell Swiggs,23.56,10.9,34.46,14/01/2022,Sales,El McNess,29.72,1024.1512
62,Zonda Sans,22.11,7.24,29.35,23/01/2022,Finance,Gifford Sturm,28.97,850.2695
63,Isaac Churly,3.26,17.17,20.43,12/01/2022,Sales,Gawain Manville,43.32,885.0276
64,Janey McLeod,31.32,17.25,48.57,17/01/2022,Sales,Zebulen Klich,14.09,684.3513
65,Aurelie Halleybone,21.71,10.38,32.09,05/01/2022,Finance,Adi Grevile,27.24,874.1316
66,Pebrook Lavarack,7.23,16.13,23.36,08/01/2022,Marketing,Meyer Markus,20.78,485.4208
67,Davey Ben-Aharon,24.35,11.24,35.59,21/01/2022,Sales,Reinwald Roylance,27.04,962.3536
68,Lonny Isaac,6.98,7.15,14.13,17/01/2022,Marketing,Anthea Chatres,20.76,293.3388
69,Stephanie Tufts,34.86,7.44,42.3,22/01/2022,HR,Kelli Barfoot,26.62,1126.026
70,Sherilyn Welling,26.41,0.89,27.3,02/01/2022,Sales,Chrissy Danielkiewicz,39.74,1084.902
71,Elnora Lade,39.38,2.01,41.39,27/01/2022,Marketing,Urson Swepson,46.53,1925.8767
72,Andy Turnpenny,16.38,3.9,20.28,22/01/2022,HR,Jodie Dannel,31.5,638.82
73,Martino Everal,28.8,1.07,29.87,10/01/2022,HR,Roley Gircke,41.82,1249.1634
74,Donnie Brasner,20.29,8.89,29.18,12/01/2022,Finance,Donovan Franchyonok,18.98,553.8364
75,Cooper Corker,15.28,0.72,16.0,24/01/2022,Sales,Arv Mattiacci,30.41,486.56
76,Lowell Mollindinia,29.7,4.03,33.73,01/01/2022,Marketing,Earl Hutley,10.07,339.6611
77,Urbano Cawtheray,0.8,19.07,19.87,05/01/2022,Sales,Tracey Huckstepp,41.98,834.1426
78,Ogden Baptista,31.57,16.82,48.39,21/01/2022,IT,Katherina Chainey,44.91,2173.1949
79,Taffy Tolfrey,38.35,15.68,54.03,16/01/2022,Marketing,Jordon Yateman,19.99,1080.0597
80,Filberto Trippett,22.3,5.21,27.51,11/01/2022,IT,Holli Kleinhaus,21.29,585.6879
81,Francois Inold,34.64,11.13,45.77,06/01/2022,Finance,Theresa Raggitt,39.89,1825.7653
82,Yetty Vanyushin,30.98,4.04,35.02,03/01/2022,HR,Melodee Tribell,30.9,1082.118
83,Mercy Pyser,25.23,6.78,32.01,27/01/2022,Sales,Nisse Dixon,18.5,592.185
84,Dore Node,29.91,13.68,43.59,28/01/2022,Finance,Palmer Baudinet,28.61,1247.1099
85,Puff Tiptaft,9.83,1.03,10.86,26/01/2022,Finance,Micky Verling,10.79,117.1794
86,Delora Carvill,6.75,12.41,19.16,12/01/2022,HR,Raddie Aikman,33.11,634.3876
87,Sylvester Speechly,33.51,1.82,35.33,09/01/2022,HR,Cornall Tenniswood,34.42,1216.0586
88,Franny Blades,9.34,17.76,27.1,01/01/2022,IT,Valentine Weller,44.12,1195.652
89,Henka McGlashan,8.21,13.1,21.31,02/01/2022,HR,Trey Pavlovsky,18.49,394.0219
90,Goldie Farren,3.73,18.88,22.61,12/01/2022,IT,Corenda Farnell,26.7,603.687
91,Arlinda Maruska,35.43,4.48,39.91,01/01/2022,Sales,Jodie Dunston,28.77,1148.2107
92,Galina Maple,7.25,14.89,22.14,15/01/2022,Finance,Tull Devine,49.18,1088.8452
93,Aubree Casarini,39.42,13.5,52.92,26/01/2022,Sales,Alethea Pawel,26.17,1384.9164
94,Cary Blomfield,29.06,3.3,32.36,17/01/2022,Marketing,Lorettalorna Lett,10.05,325.218
95,Grant Lawlan,22.55,16.77,39.32,20/01/2022,HR,Benni Mellows,47.92,1884.2144
96,Clemente McGinlay,15.75,5.59,21.34,24/01/2022,Sales,Shirlee Blowne,31.12,664.1008
97,Ines Camell,6.94,0.92,7.86,26/01/2022,Finance,Kalindi Cheshire,19.8,155.628
98,Andy Kulic,13.67,6.21,19.88,17/01/2022,Finance,Erhard Dowson,10.44,207.5472
99,Leighton Yandle,12.37,0.08,12.45,01/01/2022,Sales,Ogdan Fynn,30.75,382.8375
100,Vachel Lehrmann,23.22,13.82,37.04,05/01/2022,Marketing,Lynnett Mulderrig,42.75,1583.46
101,Frazier Whipp,2.91,16.6,19.51,15/01/2022,HR,Sascha Rowswell,27.34,533.4034
102,Orelie Swinden,18.12,3.78,21.9,09/01/2022,IT,Lezley O'Day,40.88,895.272
103,Leoine Stobbes,24.28,9.99,34.27,14/01/2022,Marketing,Gerty Baxstar,27.65,947.5655
104,Even Mouse,6.98,11.16,18.14,10/01/2022,Marketing,Dag Tiesman,21.13,383.2982
105,Ernaline Durban,28.29,4.73,33.02,27/01/2022,Finance,Palmer de Clercq,19.56,645.8712
106,Carson Zanassi,36.39,13.92,50.31,06/01/2022,IT,Berry Letchford,40.47,2036.0457
107,Marilyn Ainger,34.77,3.21,37.98,27/01/2022,HR,Kata Sonier,33.37,1267.3926
108,Travers Czaple,18.38,8.14,26.52,12/01/2022,HR,Astrid Darrach,11.25,298.35
109,Violetta Heliet,36.38,12.09,48.47,08/01/2022,Marketing,Dermot Sharman,38.08,1845.7376
110,Mary Harrison,39.31,7.88,47.19,02/01/2022,Finance,D'arcy Paradyce,36.6,1727.154
111,Dory Brecknell,23.96,3.57,27.53,18/01/2022,Sales,Maurise Clemensen,21.94,604.0082
112,Sorcha Fiddiman,2.75,17.74,20.49,11/01/2022,IT,Donetta Oswick,26.15,535.8135
113,Issy Dunbabin,9.04,3.47,12.51,09/01/2022,Sales,Dennet Pulman,11.08,138.6108
114,Raimundo Spiaggia,26.97,19.33,46.3,17/01/2022,IT,Lucio Weightman,24.69,1143.147
115,Nana Emson,37.35,12.86,50.21,12/01/2022,Marketing,Kyle Leddie,23.55,1182.4455
116,Rudd Pinsent,15.96,19.42,35.38,12/01/2022,HR,Woodie Sharvell,13.87,490.7206
117,Kasper Winterton,32.33,5.26,37.59,04/01/2022,Marketing,Lark Tribe,17.43,655.1937
118,Miguelita Oaker,25.23,11.05,36.28,07/01/2022,IT,Moore Goggen,49.37,1791.1436
119,Sunny Bish,13.45,8.08,21.53,10/01/2022,Finance,Helenka Noel,26.21,564.3013
120,Kellen Stabler,11.65,0.62,12.27,05/01/2022,Marketing,Kippy Wabb,26.59,326.2593
121,Jeralee De Giorgis,25.79,9.28,35.07,29/01/2022,Sales,Beverly Macrow,29.05,1018.7835
122,Isac Delgado,22.58,11.5,34.08,08/01/2022,Marketing,Phyllys Islep,14.73,501.9984
123,Klara Ellor,1.03,18.26,19.29,13/01/2022,HR,Jennee Bread,19.75,380.9775
124,Blaine Francesch,35.12,2.06,37.18,21/01/2022,HR,Joyan Krollmann,44.23,1644.4714
125,Son Dupree,5.77,11.49,17.26,22/01/2022,Marketing,Morna Kerwood,33.05,570.443
126,Kimberley Turvie,27.06,12.61,39.67,04/01/2022,Marketing,Penrod Duke,26.72,1059.9824
127,Gawen Chaplyn,19.22,6.38,25.6,27/01/2022,Finance,Karel Duberry,21.0,537.6
128,Jyoti Weddeburn - Scrimgeour,22.65,12.56,35.21,24/01/2022,Finance,Benedick Weatherburn,22.43,789.7603
129,Bambi Sellek,29.84,10.36,40.2,16/01/2022,Finance,Jayson Zottoli,10.05,404.01
130,Jennilee Westphalen,23.48,18.77,42.25,02/01/2022,Sales,Sheela Lillecrap,47.74,2017.015
131,Marcelia Melton,23.88,9.8,33.68,19/01/2022,Sales,Holmes Evamy,46.29,1559.0472
132,Tandy Pothecary,5.2,14.85,20.05,29/01/2022,Marketing,Seline Tille,49.7,996.485
133,Gisella Caldes,35.09,5.54,40.63,29/01/2022,Sales,Darell Littledyke,40.57,1648.3591
134,Mike Dudman,7.39,0.71,8.1,20/01/2022,Finance,Kitti Brashier,31.5,255.15
135,Dalli Hatzar,7.95,19.05,27.0,29/01/2022,Finance,Ennis Whitten,26.71,721.17
136,Boone Du Pre,26.28,11.73,38.01,14/01/2022,Finance,Bili Aires,13.4,509.334
137,Kimberly Smerdon,24.86,0.11,24.97,30/01/2022,HR,Sinclair Haddleston,20.87,521.1239
138,Terra Kilbride,19.96,5.58,25.54,18/01/2022,HR,Arly Beceril,46.23,1180.7142
139,Jilleen Sjollema,11.72,4.3,16.02,26/01/2022,Sales,Weylin O'Spellissey,13.88,222.3576
140,Karla Hirtz,38.75,9.86,48.61,09/01/2022,Marketing,Herve Cheales,32.37,1573.5057
141,Henrik Crowley,17.9,9.42,27.32,19/01/2022,Sales,Brigid Raveau,42.72,1167.1104
142,Sanson Hulls,37.96,17.55,55.51,21/01/2022,Sales,Gustave Newcom,20.56,1141.2856
143,Abbi Morch,27.4,16.57,43.97,19/01/2022,Marketing,Gordon Cleef,26.99,1186.7503
144,Tana Boulde,15.16,11.7,26.86,19/01/2022,Marketing,Fayth Oakeby,30.11,808.7546
145,Farrand Alner,37.71,9.83,47.54,10/01/2022,Finance,Kitti Matiasek,45.97,2185.4138
146,Lamar Rawlcliffe,4.65,17.96,22.61,18/01/2022,HR,Catharina Augustine,28.77,650.4897
147,Vito Verner,25.14,0.16,25.3,23/01/2022,Sales,Lavinia Spring,46.15,1167.595
148,Gavan Lettuce,25.16,1.78,26.94,05/01/2022,HR,Fan Seely,41.08,1106.6952
149,Calhoun Hollyland,30.9,5.92,36.82,25/01/2022,Finance,Carleton Buttner,38.22,1407.2604
150,Solly McCarlich,31.94,19.79,51.73,27/01/2022,Marketing,Arch Cathrae,36.26,1875.7298
151,Jamima Varndall,26.66,3.45,30.11,02/01/2022,IT,Clarine Blinde,11.9,358.309
152,Sandy Boundey,0.6,0.51,1.11,10/01/2022,IT,Shaughn Manchett,29.51,32.7561
153,Sloan Giovanizio,24.49,16.01,40.5,09/01/2022,Marketing,Augustin Auchterlonie,48.81,1976.805
154,Biddy Ciotti,12.52,17.43,29.95,28/01/2022,IT,Koren Merrall,14.75,441.7625
155,Enrico Saing,25.95,4.03,29.98,12/01/2022,Marketing,Sloane Attenbrough,18.36,550.4328
156,Wilhelmina Snewin,0.08,1.8,1.88,04/01/2022,Marketing,Dani Bilt,13.18,24.7784
157,Floris Owenson,28.28,3.76,32.04,10/01/2022,Sales,Eloise Annon,48.39,1550.4156
158,Justino Pitrasso,24.92,15.88,40.8,07/01/2022,IT,Aloysius Romney,39.67,1618.536
159,Klarrisa Smith,9.32,3.04,12.36,05/01/2022,IT,Grover Bonifazio,15.48,191.3328
160,Cecilio Laroux,0.96,0.34,1.3,17/01/2022,Sales,Gerrard Atterley,22.73,29.549
161,Gustaf Chave,13.68,2.35,16.03,02/01/2022,IT,Bartolemo Nisco,13.26,212.5578
162,Janek Beckey,20.46,4.49,24.95,25/01/2022,HR,Reamonn Freckleton,29.32,731.534
163,Maggy Jagiela,31.66,9.44,41.1,04/01/2022,IT,Gothart Sifflett,38.38,1577.418
164,Eddie Galtone,37.12,1.49,38.61,08/01/2022,HR,Bliss Bexley,40.86,1577.6046
165,Noach Flippini,34.44,13.73,48.17,18/01/2022,IT,Zenia McNeilly,41.34,1991.3478
166,Isabelle Lucks,13.65,8.07,21.72,06/01/2022,Finance,Gilligan Herion,24.96,542.1312
167,Kevina Rickardes,26.09,0.12,26.21,17/01/2022,IT,Benedikt Christoforou,21.18,555.1278
168,Harp Gisburn,35.42,3.49,38.91,06/01/2022,Sales,Shirl Inglesfield,45.06,1753.2846
169,Cary Castagne,29.75,18.98,48.73,01/01/2022,Marketing,Nerta Menichino,21.68,1056.4664
170,Sunny Zanicchi,13.79,7.01,20.8,05/01/2022,HR,Lorilee Finding,22.18,461.344
171,Chuck Dimmack,35.38,5.4,40.78,06/01/2022,IT,Erwin Wooles,22.33,910.6174
172,Anna-diane Legon,7.64,11.65,19.29,15/01/2022,HR,Kimball Marron,23.54,454.0866
173,Washington Thornborrow,0.66,17.89,18.55,20/01/2022,IT,Marianna Cauthra,39.22,727.531
174,Lora Mouton,13.85,6.8,20.65,04/01/2022,Marketing,Annadiana Helleckas,35.27,728.3255
175,Northrup Mazzeo,22.56,15.69,38.25,14/01/2022,Finance,Bernadina Vasyutichev,25.53,976.5225
176,Elsbeth Gonning,25.78,19.72,45.5,16/01/2022,IT,Carolina Camilleri,25.26,1149.33
177,Kin Houndson,22.02,2.44,24.46,19/01/2022,Sales,Zsazsa Ferreira,26.28,642.8088
178,Marcela Headley,31.73,14.75,46.48,22/01/2022,HR,Althea Dawid,44.16,2052.5568
179,Minnaminnie Attenburrow,20.31,7.89,28.2,08/01/2022,IT,Vail Pawelski,48.64,1371.648
180,Marty Sauven,24.03,0.84,24.87,16/01/2022,Marketing,Tadio O'Corr,22.45,558.3315
181,Andree Makey,32.63,5.34,37.97,27/01/2022,Marketing,Blythe Tremathick,20.97,796.2309
182,Wilfred McClounan,5.77,5.43,11.2,21/01/2022,Marketing,Bren Aitken,36.81,412.272
183,Claribel Nevill,32.34,10.89,43.23,25/01/2022,Finance,Sissy Banford,37.99,1642.3077
184,Patten Broad,25.8,5.03,30.83,12/01/2022,HR,Adriano Bagguley,20.39,628.6237
185,Cordy Junkison,37.06,12.11,49.17,14/01/2022,Finance,Kylynn Beloe,48.45,2382.2865
186,Meade Bauldrey,34.8,5.31,40.11,27/01/2022,Sales,Meghan Sartain,40.38,1619.6418
187,Codi Yedall,2.78,9.05,11.83,21/01/2022,Marketing,Allin Pedrazzi,33.83,400.2089
188,Alexandr Gunbie,17.65,8.14,25.79,06/01/2022,Marketing,Gusella Grigs,21.25,548.0375
189,Noah Meekins,38.5,1.7,40.2,26/01/2022,HR,Jared Meanwell,46.54,1870.908
190,Abbe Lamacraft,24.07,8.22,32.29,30/01/2022,Sales,Omar Ravenscroftt,46.92,1515.0468
191,Austin Ginsie,1.96,2.17,4.13,11/01/2022,IT,Millicent Crevagh,47.97,198.1161
192,Chantalle Hender,37.52,2.68,40.2,03/01/2022,Marketing,Cordey Reggiani,32.47,1305.294
193,Agustin Gledhill,10.95,13.89,24.84,04/01/2022,Marketing,Udale Stoop,37.04,920.0736
194,Jasmina Fewell,33.45,18.32,51.77,19/01/2022,IT,Andros Dempster,14.28,739.2756
195,Karlotta Bottom,12.86,1.36,14.22,30/01/2022,IT,Drusy Gowthrop,22.95,326.349
196,Verine Hanscombe,13.91,5.89,19.8,17/01/2022,IT,Blondelle Hews,19.9,394.02
197,Tybie Cargen,21.93,10.51,32.44,26/01/2022,Sales,Carine Doig,23.44,760.3936
198,Hanni Grewcock,13.73,15.8,29.53,19/01/2022,Finance,Shurlocke Paulsson,18.9,558.117
199,Patti Janiak,1.21,4.3,5.51,26/01/2022,Marketing,Glad Guerreru,35.45,195.3295
200,Saree Baglow,22.7,8.13,30.83,22/01/2022,IT,Glennie Cumpton,44.58,1374.4014
201,Corey Gavin,19.43,19.47,38.9,22/01/2022,HR,Phyllis Stormouth,22.64,880.696
202,Ivette Urlin,9.52,11.31,20.83,15/01/2022,IT,Charmane Kensett,16.2,337.446
203,Lelia Kase,34.45,1.2,35.65,14/01/2022,Sales,Rouvin Channing,48.97,1745.7805
204,Kelbee Thomasson,33.87,19.61,53.48,07/01/2022,Sales,Langsdon Mityashin,19.54,1044.9992
205,Franklyn Shone,26.02,6.23,32.25,18/01/2022,HR,Huey Di Francecshi,38.73,1249.0425
206,Timothee Fuller,10.67,10.36,21.03,13/01/2022,Sales,Saidee Uc,33.91,713.1273
207,Nelie Langstone,19.1,16.58,35.68,07/01/2022,IT,Steward Ream,25.96,926.2528
208,Neale Slany,23.1,5.69,28.79,16/01/2022,Finance,Lemmy MacGray,36.94,1063.5026
209,Gage Sodo,22.76,17.19,39.95,16/01/2022,IT,Rick Cubley,36.43,1455.3785
210,Joe O'Riordan,5.62,9.29,14.91,14/01/2022,HR,Debi Davey,23.33,347.8503
211,Lynn Schustl,14.69,10.03,24.72,19/01/2022,Marketing,Clare Isbell,40.81,1008.8232
212,Sherrie Pourvoieur,6.49,12.13,18.62,26/01/2022,Sales,Alix Shewery,38.96,725.4352
213,Kariotta Gricks,3.0,10.4,13.4,24/01/2022,Marketing,Rozalin Marzelli,35.63,477.442
214,Wilek Elen,6.16,16.33,22.49,12/01/2022,Marketing,Alvie Di Antonio,23.75,534.1375
215,Launce Petrashov,12.69,10.82,23.51,28/01/2022,Finance,Phillip De Filippis,11.29,265.4279
216,Myriam Joberne,18.01,6.36,24.37,05/01/2022,IT,Hubie Crowter,17.6,428.912
217,Cameron Ballantine,31.25,1.95,33.2,27/01/2022,HR,Hillel McLleese,21.83,724.756
218,Sayre Brandin,34.18,0.86,35.04,11/01/2022,Finance,Claudie Ferres,49.96,1750.5984
219,Elke Oakeshott,10.68,16.1,26.78,21/01/2022,Marketing,Saidee Harbar,18.0,482.04
220,Dex Whale,15.93,3.07,19.0,05/01/2022,Marketing,Reinaldos Winley,12.98,246.62
221,Lucky Borth,3.96,13.04,17.0,02/01/2022,HR,Erik Vosse,20.62,350.54
222,Ben Curror,17.26,9.72,26.98,16/01/2022,HR,Layton Jeram,49.13,1325.5274
223,Gwyneth Gerram,14.36,6.04,20.4,04/01/2022,Marketing,Natale Doumerc,13.02,265.608
224,Muire De Miranda,28.87,15.31,44.18,03/01/2022,Marketing,Dagmar Voff,15.28,675.0704
225,Maryann Jessen,4.65,18.24,22.89,23/01/2022,Marketing,Sheelah Law,22.18,507.7002
226,Anselm Robrow,37.99,2.89,40.88,24/01/2022,Marketing,Hyacinthe Myton,10.33,422.2904
227,Rivalee Lutzmann,6.58,2.88,9.46,28/01/2022,IT,Gaby Bagby,23.21,219.5666
228,Arden Bedbury,24.81,6.44,31.25,07/01/2022,IT,Malory Cluderay,17.78,555.625
229,Bing Cranmere,2.29,9.62,11.91,08/01/2022,Finance,Stormie Routhorn,35.94,428.0454
230,Winni Steeden,30.14,14.75,44.89,28/01/2022,Marketing,Claudelle Thon,41.23,1850.8147
231,Jeffry Wickerson,11.15,10.56,21.71,12/01/2022,Sales,Lora Fellman,37.39,811.7369
232,Evelin Mebs,37.55,12.84,50.39,18/01/2022,IT,Brooke Ricca,34.33,1729.8887
233,Hollyanne Asche,15.79,0.58,16.37,24/01/2022,IT,Heall Bowers,28.71,469.9827
234,Stevana Tissier,19.66,11.86,31.52,26/01/2022,Finance,Bryana Dowden,19.98,629.7696
235,Randi Bogeys,22.11,14.14,36.25,26/01/2022,Marketing,Cathie Euels,18.09,655.7625
236,Anabelle Dumphries,2.84,10.85,13.69,22/01/2022,HR,Errol Orrum,33.36,456.6984
237,Miran McKeighan,8.4,5.58,13.98,01/01/2022,Marketing,Lodovico Antoniottii,17.44,243.8112
238,Coretta Blakeway,21.65,18.54,40.19,12/01/2022,IT,Alexander Sowood,49.92,2006.2848
239,Nevins Usher,23.25,9.89,33.14,07/01/2022,IT,Emanuel Duckit,43.98,1457.4972
240,Mose Mathan,22.75,6.02,28.77,06/01/2022,HR,Ara Kerrigan,33.35,959.4795
241,Trip Craddy,13.51,19.84,33.35,14/01/2022,IT,Leontyne Barwood,34.21,1140.9035
242,Isabelle Wheeler,21.5,19.61,41.11,26/01/2022,HR,Jeanine Tezure,44.83,1842.9613
243,Glenna McDyer,38.81,3.53,42.34,12/01/2022,IT,Langsdon Copestick,17.96,760.4264
244,Ranique Hemms,25.74,17.55,43.29,25/01/2022,Finance,Dougy Betteriss,39.89,1726.8381
245,Lavinia Hanington,13.48,16.67,30.15,30/01/2022,Sales,Gleda Chicchetto,21.82,657.873
246,Gaston Edlyne,39.13,9.53,48.66,11/01/2022,Marketing,Reuben Showers,29.46,1433.5236
247,Joann Knevett,37.15,2.35,39.5,12/01/2022,IT,Cary Copeman,43.47,1717.065
248,Ava Noice,7.54,10.28,17.82,17/01/2022,Finance,Janeva Parsley,32.53,579.6846
249,Juli Field,3.24,13.33,16.57,20/01/2022,Marketing,Zelig Picott,12.63,209.2791
250,Blanche Tucsell,19.71,10.49,30.2,30/01/2022,HR,Elvis McKeag,11.55,348.81
251,Corinne Saiens,31.38,16.72,48.1,29/01/2022,HR,Cammie Robiou,25.98,1249.638
252,Eartha Stayt,16.41,17.93,34.34,15/01/2022,Marketing,Evangelin Kellington,35.54,1220.4436
253,Arte Rouke,12.56,17.98,30.54,23/01/2022,Sales,Fredelia Frean,29.84,911.3136
254,Doro Goreisr,13.03,16.24,29.27,13/01/2022,Sales,Alphonso Fedynski,18.31,535.9337
255,Christabel Mully,16.95,6.38,23.33,07/01/2022,Finance,Hildegaard Vanetti,26.99,629.6767
256,Kerk Govett,39.73,0.83,40.56,01/01/2022,Finance,Lucky Parlour,19.47,789.7032
257,Lilah Silverthorn,17.4,17.91,35.31,10/01/2022,IT,Madlin Dingivan,26.69,942.4239
258,Philis Spinozzi,23.24,4.68,27.92,21/01/2022,HR,Des Bachanski,17.65,492.788
259,Rafe Whitlow,32.98,5.61,38.59,03/01/2022,Finance,Kerstin Dix,23.71,914.9689
260,Aldric Gerardin,0.64,7.34,7.98,17/01/2022,Finance,Berne Calterone,24.93,198.9414
261,Rochester Castillo,5.03,14.7,19.73,10/01/2022,Sales,Farlay Strachan,16.39,323.3747
262,Marcelle Lipsett,39.54,5.15,44.69,09/01/2022,Finance,Mae Vanichev,23.53,1051.5557
263,Fitz Thumann,16.23,6.27,22.5,08/01/2022,IT,Torey Reeks,28.75,646.875
264,Noellyn Hinks,5.64,16.06,21.7,11/01/2022,HR,Arnold Poyzer,19.06,413.602
265,Danica Deniseau,14.71,19.67,34.38,23/01/2022,Marketing,Rosalyn Shepeard,25.01,859.8438
266,Isidor Crowest,27.47,16.01,43.48,16/01/2022,Sales,Jens Leander,43.93,1910.0764
267,Nikolaus Benadette,24.87,15.6,40.47,12/01/2022,IT,Hervey Winslet,27.87,1127.8989
268,Suki Dowers,4.57,13.93,18.5,26/01/2022,Finance,Gray Clissett,32.18,595.33
269,Seward Chatin,24.66,16.99,41.65,28/01/2022,Sales,Marge Hubbold,42.18,1756.797
270,Maurine Issac,31.97,4.04,36.01,30/01/2022,IT,Carlee Tizzard,46.78,1684.5478
271,Nola Strognell,12.84,9.23,22.07,30/01/2022,Finance,Kerianne Dockrey,41.52,916.3464
272,Elvin Costellow,4.34,2.26,6.6,22/01/2022,Finance,Arman Filmer,12.1,79.86
273,Bertie Patchett,7.78,10.05,17.83,29/01/2022,IT,Burk Sacker,47.02,838.3666
274,Rita Sparham,38.46,3.33,41.79,09/01/2022,IT,Marlin Mattiazzi,47.58,1988.3682
275,Electra Tincknell,23.22,0.71,23.93,23/01/2022,Marketing,Chico Presser,23.46,561.3978
276,Duncan Male,28.07,7.13,35.2,06/01/2022,IT,Velma Steinham,10.39,365.728
277,Ellary Sentinella,12.63,17.39,30.02,13/01/2022,HR,Tiena Mustill,33.9,1017.678
278,Emmaline Klosser,15.75,15.73,31.48,22/01/2022,IT,Horatius Trevers,35.61,1121.0028
279,Zacharia Cush,30.2,1.79,31.99,20/01/2022,HR,Launce Boxen,37.37,1195.4663
280,Frazier Rawls,29.67,16.5,46.17,10/01/2022,HR,Valina Saunderson,49.97,2307.1149
281,Maud Pollie,39.66,6.35,46.01,29/01/2022,Marketing,Robinet Fisk,10.98,505.1898
282,Libby Morpeth,3.92,7.52,11.44,05/01/2022,Sales,Verine Aldhouse,21.34,244.1296
283,Lanette Tedorenko,17.7,8.24,25.94,27/01/2022,IT,Joellen Rawle,26.16,678.5904
284,Mendel Breton,34.77,11.02,45.79,25/01/2022,Finance,Scotty Joburn,49.11,2248.7469
285,Darius Veal,15.83,0.91,16.74,19/01/2022,Sales,Alley Houndson,14.31,239.5494
286,Rozanne Andreassen,38.12,12.56,50.68,08/01/2022,HR,Maisie Calbert,48.25,2445.31
287,Giraldo Pochon,22.66,6.81,29.47,10/01/2022,Marketing,Salomon Sunter,11.94,351.8718
288,Krispin Herculeson,33.05,9.78,42.83,14/01/2022,HR,Hannah Dabell,48.02,2056.6966
289,Manda Seawright,1.9,11.95,13.85,28/01/2022,Finance,Cate MacCrackan,41.63,576.5755
290,Eba Gasnell,36.94,1.42,38.36,12/01/2022,IT,Ring Girodon,25.89,993.1404
291,Misti McCrann,35.52,0.01,35.53,15/01/2022,Finance,Ekaterina Aslet,28.88,1026.1064
292,Bernardina Anton,1.58,1.7,3.28,19/01/2022,HR,Sloane Trustrie,26.97,88.4616
293,Danika Truswell,36.3,9.75,46.05,09/01/2022,Marketing,Sabina Dane,28.39,1307.3595
294,Olivero Lube,15.85,11.0,26.85,16/01/2022,Marketing,Sonnnie Farrall,26.38,708.303
295,Grady Slemming,28.61,16.97,45.58,01/01/2022,HR,Allie Gallatly,25.05,1141.779
296,Janna Gaythorpe,20.94,7.75,28.69,26/01/2022,IT,Louisette Marsters,28.47,816.8043
297,Janetta Dehn,22.59,1.47,24.06,19/01/2022,Marketing,Imogene McLucky,40.22,967.6932
298,Leshia Barde,30.57,17.56,48.13,19/01/2022,Sales,Martin Whissell,42.32,2036.8616
299,Irena Kidby,26.65,18.85,45.5,05/01/2022,Sales,Jud Mulholland,27.67,1258.985
300,Zara Liggins,23.12,16.52,39.64,25/01/2022,Marketing,Emmery Gallier,41.26,1635.5464
301,Petronia Essberger,34.48,4.13,38.61,02/01/2022,Sales,Brant Hastewell,12.02,464.0922
302,Kearney Bruckshaw,0.74,8.29,9.03,18/01/2022,IT,Alvis Allchorne,12.92,116.6676
303,Cozmo Sanpere,4.57,4.22,8.79,09/01/2022,Sales,Hermina Castellini,43.56,382.8924
304,Norby Exrol,38.52,6.46,44.98,26/01/2022,Sales,Lianna Feldmann,12.14,546.0572
305,Terri-jo Fulmen,12.12,8.91,21.03,01/01/2022,IT,Sheelagh Carlisi,27.45,577.2735
306,Kerr Tanswill,5.72,11.01,16.73,15/01/2022,Finance,Cornela Coleridge,30.07,503.0711
307,Leland Skatcher,20.9,17.21,38.11,23/01/2022,IT,Mareah Gonthard,25.63,976.7593
308,Hort Sneezum,28.77,7.78,36.55,19/01/2022,Finance,Natalie Malenoir,45.47,1661.9285
309,Lillian Dradey,17.65,13.98,31.63,27/01/2022,Marketing,Mureil Franzetti,41.61,1316.1243
310,Andre Dodimead,35.6,11.38,46.98,06/01/2022,Finance,Dex McCarthy,31.09,1460.6082
311,Amaleta Streight,14.54,18.33,32.87,18/01/2022,HR,Chrysa Hanhardt,24.34,800.0558
312,Abel Irnis,7.9,0.9,8.8,10/01/2022,IT,Rurik Bagott,41.92,368.896
313,Tracy Laurenz,28.31,10.59,38.9,17/01/2022,Sales,Stephannie Nightingale,12.59,489.751
314,Wayland Skerrett,24.58,8.11,32.69,16/01/2022,Sales,Teodor Bonsul,39.56,1293.2164
315,Shea Curtain,39.48,4.8,44.28,24/01/2022,HR,Julietta Camilleri,10.41,460.9548
316,Padraig Jockle,34.97,1.73,36.7,09/01/2022,HR,Hugo Allard,28.48,1045.216
317,Rozalie Bonavia,11.67,12.42,24.09,14/01/2022,Marketing,Florance Pierce,42.48,1023.3432
318,Johnathon Terbrug,18.9,13.21,32.11,30/01/2022,Sales,Yvor Yetton,19.64,630.6404
319,Flossi Spragg,6.01,15.39,21.4,09/01/2022,IT,Ramon Spreull,25.16,538.424
320,Claudelle Booker,27.22,15.12,42.34,16/01/2022,IT,Mitzi Draxford,20.8,880.672
321,Gilligan Cornthwaite,38.48,8.56,47.04,24/01/2022,IT,Duke Peckett,27.99,1316.6496
322,Merrielle Berney,5.53,12.72,18.25,05/01/2022,Marketing,Nancie Gurner,15.88,289.81
323,Jermaine Klejna,14.98,12.66,27.64,18/01/2022,Finance,Nichole Devine,21.16,584.8624
324,Felic Hughlock,7.57,9.27,16.84,19/01/2022,Sales,Clarance Ales0,34.18,575.5912
325,Jedidiah Flipek,33.84,19.16,53.0,25/01/2022,Marketing,Merline Leaman,17.64,934.92
326,Erin Ecclestone,14.59,2.55,17.14,18/01/2022,Sales,Estrellita Bourchier,20.03,343.3142
327,Pete Barrowcliff,0.93,7.69,8.62,28/01/2022,HR,Otis Skittle,21.25,183.175
328,Lian Wylie,18.07,14.9,32.97,06/01/2022,Marketing,Sibelle Ping,37.71,1243.2987
329,Darda Nobles,7.84,19.85,27.69,14/01/2022,Marketing,Dee Hansie,31.85,881.9265
330,Julius Bucktrout,13.66,0.02,13.68,07/01/2022,HR,Yorke Borchardt,11.58,158.4144
331,Arlana McKenney,12.49,9.41,21.9,15/01/2022,HR,Trever Caldero,16.85,369.015
332,Estella Florence,25.69,1.27,26.96,18/01/2022,HR,Tiler Jandel,42.36,1142.0256
333,Christoper Grigolli,36.24,6.98,43.22,04/01/2022,Finance,Bertine Janusik,30.46,1316.4812
334,Christan Gatty,17.45,1.37,18.82,06/01/2022,Sales,Izak Bartkowiak,38.77,729.6514
335,Lynett Fenlon,15.39,13.7,29.09,23/01/2022,Marketing,Muriel Oswal,23.73,690.3057
336,Madonna Bes,37.21,6.5,43.71,09/01/2022,IT,Mendel Vasentsov,14.22,621.5562
337,Donni Mincini,9.06,0.08,9.14,03/01/2022,HR,Janek Naire,24.89,227.4946
338,Munroe Thomelin,22.64,10.88,33.52,15/01/2022,HR,Glori Calender,15.26,511.5152
339,Odell Colwill,16.91,5.77,22.68,15/01/2022,Marketing,Eada Leates,33.72,764.7696
340,Davie Center,3.22,7.66,10.88,15/01/2022,HR,Odelle Verchambre,19.74,214.7712
341,Lindy Atcherley,27.1,6.69,33.79,07/01/2022,Sales,Garry Pestricke,15.06,508.8774
342,Brig Edser,19.12,2.82,21.94,10/01/2022,Marketing,Ronda Lapre,15.99,350.8206
343,Dean Bedrosian,37.88,18.29,56.17,20/01/2022,Marketing,Kaila Dmiterko,47.53,2669.7601
344,Barbra Quantick,23.18,9.82,33.0,30/01/2022,Finance,Farris Koomar,37.59,1240.47
345,Franz Hunt,34.03,9.62,43.65,29/01/2022,Marketing,Jere Rosberg,45.13,1969.9245
346,Lovell Flexman,21.68,4.62,26.3,12/01/2022,Marketing,Olympe Gumley,49.5,1301.85
347,Angie Hindrick,8.29,15.29,23.58,22/01/2022,Sales,Jerad Summerly,16.03,377.9874
348,Cece Liell,0.29,5.1,5.39,26/01/2022,IT,Harman Ferrario,27.77,149.6803
349,Ethan Brimson,12.9,16.95,29.85,06/01/2022,Finance,Nevile Cocksedge,20.63,615.8055
350,Warren Sandhill,32.33,19.94,52.27,01/01/2022,Finance,Sylvester Jerson,15.54,812.2758
351,Helena O'Rourke,7.94,9.21,17.15,01/01/2022,Sales,Elisa Cradick,42.0,720.3
352,Aldrich Minerdo,11.82,2.08,13.9,02/01/2022,Sales,Elysha Seater,11.0,152.9
353,Berthe Dutson,15.8,1.4,17.2,10/01/2022,Finance,Chloe Deighton,48.29,830.588
354,Kizzee Goldthorpe,28.16,11.9,40.06,28/01/2022,Sales,Nerti Kilcoyne,10.41,417.0246
355,Royal Kynd,25.54,14.23,39.77,25/01/2022,Marketing,Karel Muge,20.07,798.1839
356,Ola Drewry,30.76,19.0,49.76,17/01/2022,Sales,Yehudi Lacasa,33.98,1690.8448
357,Nellie Blenkiron,20.61,17.41,38.02,22/01/2022,Marketing,Hashim O'Doogan,42.41,1612.4282
358,Marylou Verryan,13.52,7.11,20.63,02/01/2022,Sales,Clo Fawckner,41.9,864.397
359,Bendicty Hillum,1.95,10.25,12.2,23/01/2022,Sales,Vally Bawle,43.46,530.212
360,Ilise Powles,2.69,16.02,18.71,28/01/2022,Sales,Karim Prozescky,32.92,615.9332
361,Byrom Stenbridge,33.15,10.93,44.08,22/01/2022,Finance,Lev Meaton,15.53,684.5624
362,Coraline Helliker,24.53,19.94,44.47,25/01/2022,HR,Mitchell Vidyapin,14.38,639.4786
363,Gayel Seeger,6.48,15.57,22.05,30/01/2022,Finance,Glad Windle,47.77,1053.3285
364,Aubine Blacklawe,16.64,2.47,19.11,05/01/2022,HR,Sal Bourthoumieux,26.6,508.326
365,Cristionna Eggers,20.24,14.75,34.99,05/01/2022,Finance,Hal Reace,46.75,1635.7825
366,Monah Brane,0.14,8.73,8.87,13/01/2022,Sales,Edin Paine,37.58,333.3346
367,Randie Thompsett,22.05,12.65,34.7,24/01/2022,Marketing,Gawain Dickson,19.45,674.915
368,Eddi Doohan,28.45,19.57,48.02,08/01/2022,Sales,Hunt Witsey,26.13,1254.7626
369,Auguste Hierro,11.4,1.75,13.15,28/01/2022,Marketing,Lazarus Voaden,46.14,606.741
370,Aksel O'Neary,10.95,10.96,21.91,04/01/2022,Finance,Chrisy Skiggs,27.92,611.7272
371,Kiel McCloy,25.91,5.06,30.97,13/01/2022,Sales,Aura Eronie,29.79,922.5963
372,Erna Lorking,22.97,3.87,26.84,07/01/2022,Sales,Maisey Lerway,36.63,983.1492
373,Karisa Merigeau,39.82,11.04,50.86,25/01/2022,Sales,Timotheus Kleiser,34.61,1760.2646
374,Holli Curcher,36.86,5.19,42.05,09/01/2022,Finance,Analise Saffran,35.38,1487.729
375,Petey Linnett,14.95,1.62,16.57,24/01/2022,Finance,Emlyn Lago,46.78,775.1446
376,Elsbeth Gregorowicz,24.12,18.53,42.65,02/01/2022,IT,Gaby Burthom,48.76,2079.614
377,Cosmo Hamshere,19.02,1.93,20.95,23/01/2022,Marketing,Denni Bouchier,30.93,647.9835
378,Gregory Mohring,35.15,7.17,42.32,10/01/2022,Finance,Libbi Elfe,19.28,815.9296
379,Lonnard Sheridan,3.16,11.03,14.19,22/01/2022,Sales,Audry Michie,18.2,258.258
380,Ignazio Hellard,1.79,7.58,9.37,17/01/2022,Finance,Sauncho Mercy,36.37,340.7869
381,Vyky Sully,7.96,6.12,14.08,29/01/2022,Finance,Jethro Slott,35.41,498.5728
382,Brose Rides,7.75,2.99,10.74,18/01/2022,Finance,Elwyn Petrovsky,20.94,224.8956
383,Waylen Tebbitt,16.15,12.7,28.85,24/01/2022,Finance,Marty Nobles,35.7,1029.945
384,Hillel Milmith,11.17,17.57,28.74,13/01/2022,HR,Alisha Giercke,23.35,671.079
385,Inness Roloff,29.12,0.68,29.8,06/01/2022,Marketing,Marysa Divina,18.34,546.532
386,Adrien Rihanek,16.61,0.71,17.32,29/01/2022,Finance,Leoine MacCawley,38.77,671.4964
387,Hally Vinck,11.9,1.79,13.69,18/01/2022,Sales,Eveline McVanamy,42.24,578.2656
388,Corliss Rove,12.1,11.93,24.03,26/01/2022,HR,Mannie Ofener,42.23,1014.7869
389,Bob Leatherborrow,19.45,17.12,36.57,03/01/2022,HR,Rip Chastey,30.14,1102.2198
390,Merilyn Repp,17.84,18.78,36.62,10/01/2022,Sales,Aurelie O'Riordan,19.39,710.0618
391,Gilberta Seabrooke,36.46,5.32,41.78,26/01/2022,Marketing,Isa Lemoir,38.92,1626.0776
392,Deeann Rayner,33.29,18.15,51.44,05/01/2022,Marketing,Orelle Angrick,27.04,1390.9376
393,Nappy Bonifant,2.47,5.77,8.24,29/01/2022,HR,Lorrin Lewson,40.94,337.3456
394,Cristal Han,39.46,13.6,53.06,06/01/2022,Sales,Marysa Rayson,13.66,724.7996
395,Sandi Ainslie,0.5,9.83,10.33,24/01/2022,Marketing,Mord Balfre,11.42,117.9686
396,Rubi Cerman,28.08,14.12,42.2,18/01/2022,HR,Adelind Daubeny,39.98,1687.156
397,Burk Grimm,14.78,19.96,34.74,17/01/2022,Sales,Ricard Airy,10.44,362.6856
398,Bibi MacTavish,34.45,4.25,38.7,06/01/2022,Marketing,Mehetabel Bareham,36.54,1414.098
399,Alyssa Czaple,0.98,5.06,6.04,07/01/2022,Marketing,Sib Jachimczak,13.04,78.7616
400,Nanete Riccardi,7.96,9.96,17.92,11/01/2022,Marketing,Blake Spinley,14.21,254.6432
401,Ailis Faich,5.83,5.21,11.04,16/01/2022,Sales,Alaric MacCole,32.77,361.7808
402,Brita Archanbault,13.64,3.43,17.07,23/01/2022,IT,Adrea Bloxam,46.03,785.7321
403,Felita Durbridge,36.51,7.25,43.76,30/01/2022,Marketing,Ursa Priddle,10.03,438.9128
404,Almeda Dougharty,35.99,13.92,49.91,29/01/2022,Finance,Constancia Farloe,11.28,562.9848
405,Irving Ayres,31.7,5.52,37.22,26/01/2022,HR,Ingmar Algeo,17.32,644.6504
406,Ileana Yvens,17.9,1.8,19.7,09/01/2022,Sales,Ripley Gudge,41.85,824.445
407,Julina Spare,19.56,8.15,27.71,07/01/2022,IT,Gizela Clewer,43.12,1194.8552
408,Cloris Braganca,7.23,10.08,17.31,02/01/2022,Sales,Tani Gascoine,24.04,416.1324
409,Georgianna Acaster,1.84,3.68,5.52,18/01/2022,Sales,Teodoro Trunks,29.57,163.2264
410,Emilio Blazic,37.82,7.2,45.02,17/01/2022,Finance,Dinny Quarlis,34.51,1553.6402
411,Lurline Cressor,14.3,11.87,26.17,23/01/2022,HR,Ashly Champley,49.49,1295.1533
412,Lind McDermid,2.71,4.28,6.99,29/01/2022,Marketing,Timothy McDell,11.77,82.2723
413,Maris Salmond,34.11,7.11,41.22,01/01/2022,HR,Darius Faraday,24.54,1011.5388
414,Kaitlynn Pidgley,18.16,6.76,24.92,14/01/2022,Sales,Brennen Mullins,30.79,767.2868
415,Marina Coulson,12.41,17.43,29.84,29/01/2022,Finance,Edie Teideman,47.97,1431.4248
416,Elias Oakland,24.43,15.01,39.44,22/01/2022,IT,Torre Mc Cahey,26.04,1027.0176
417,Martha Hailes,23.07,6.68,29.75,07/01/2022,Finance,Padraic Godby,49.13,1461.6175
418,Boony Jahnisch,25.87,19.12,44.99,21/01/2022,Marketing,Valentijn Gimblett,26.62,1197.6338
419,Cherice Rallings,39.39,2.41,41.8,20/01/2022,HR,Neda Tratton,33.2,1387.76
420,Kim Lount,28.5,14.59,43.09,26/01/2022,Sales,Orion Menguy,24.69,1063.8921
421,Zandra Eakeley,4.7,10.4,15.1,10/01/2022,Sales,Jennine Haggith,19.87,300.037
422,Blaine Lascelles,21.43,8.55,29.98,20/01/2022,Finance,Merlina Dye,19.4,581.612
423,Alberik Formie,22.48,4.68,27.16,24/01/2022,IT,Dorise Dabner,40.6,1102.696
424,Tandy Summerlie,39.17,19.71,58.88,25/01/2022,Finance,Kattie Mixon,27.09,1595.0592
425,Sharlene Birchwood,2.97,19.03,22.0,01/01/2022,IT,Griffy Bisacre,18.15,399.3
426,Shelli Gradley,36.06,19.46,55.52,01/01/2022,Sales,Gawain Aldersey,39.02,2166.3904
427,Adams Whitchurch,33.79,11.88,45.67,26/01/2022,Finance,Kirsteni Aliman,42.24,1929.1008
428,Letty Danelet,27.15,14.31,41.46,12/01/2022,IT,Robenia Moorrud,23.78,985.9188
429,Jeannette Sutheran,6.03,11.75,17.78,03/01/2022,Finance,Ainsley D'Alessandro,33.6,597.408
430,Pammi Cramer,31.57,18.91,50.48,11/01/2022,HR,Yuma Treadaway,22.52,1136.8096
431,Shayne Crosthwaite,20.55,12.05,32.6,25/01/2022,Finance,Marielle Crisall,28.23,920.298
432,Silvano Waller,26.4,10.03,36.43,22/01/2022,HR,Brenna Jorczyk,49.77,1813.1211
433,Aeriell Kesten,34.81,17.9,52.71,28/01/2022,Finance,Petey Marquot,10.23,539.2233
434,Dionis Surgenor,29.39,11.08,40.47,07/01/2022,HR,Calli Bearward,19.15,775.0005
435,Ogdon De Winton,6.42,18.41,24.83,30/01/2022,HR,Hanni Broadstock,49.31,1224.3673
436,Suzie Dyment,31.65,15.99,47.64,14/01/2022,Marketing,Obediah Colclough,10.3,490.692
437,Emmett Leverington,16.45,16.55,33.0,06/01/2022,HR,Myrtia Hollyar,12.76,421.08
438,Celinka Pechell,18.28,4.53,22.81,07/01/2022,Finance,Desi Tommeo,36.21,825.9501
439,Rodolphe Monnelly,34.24,11.39,45.63,02/01/2022,Finance,Herta Lipmann,48.05,2192.5215
440,Randi Addicott,33.77,17.23,51.0,30/01/2022,Finance,Aeriela Chapiro,39.92,2035.92
441,Moll Eyres,35.51,0.25,35.76,05/01/2022,IT,Darcee Challenger,25.98,929.0448
442,Iggy Rizzetti,23.47,1.41,24.88,16/01/2022,Finance,Braden Leggitt,37.38,930.0144
443,Bambi Farre,26.52,3.76,30.28,13/01/2022,Marketing,Mommy Meiningen,36.5,1105.22
444,Felice Halden,4.85,19.94,24.79,04/01/2022,Marketing,Godfree Weeden,49.25,1220.9075
445,Godfrey Raggatt,19.43,4.59,24.02,24/01/2022,Marketing,Abbye Darrach,37.73,906.2746
446,Lorianna Phillins,14.82,16.29,31.11,14/01/2022,Finance,Arch Hunte,37.48,1166.0028
447,Trevor Oakland,37.64,13.64,51.28,12/01/2022,Sales,Eddy Towsey,26.5,1358.92
448,Shandie Boult,30.47,8.5,38.97,13/01/2022,HR,Mose Lehrle,28.81,1122.7257
449,Glenn Skitch,7.78,0.22,8.0,06/01/2022,HR,Tove Franzoli,25.9,207.2
450,Chelsy Issacof,27.56,19.81,47.37,12/01/2022,Marketing,Kleon Flecknoe,48.83,2313.0771
451,Faunie Senecaut,38.3,7.81,46.11,14/01/2022,Finance,Carce Vasilechko,30.08,1386.9888
452,Kandy Horsley,25.07,11.95,37.02,05/01/2022,Finance,Binny Martellini,40.63,1504.1226
453,Lars MacSkeagan,20.83,14.65,35.48,21/01/2022,Finance,Horst Baynham,33.43,1186.0964
454,Pascal Foyston,27.73,9.87,37.6,17/01/2022,Marketing,Darwin Bussens,20.91,786.216
455,Orazio Dittson,1.19,4.1,5.29,26/01/2022,Sales,Jorry Bonin,26.38,139.5502
456,Maribelle Umpleby,25.83,3.19,29.02,02/01/2022,Finance,Shaine Brunetti,11.71,339.8242
457,Arielle Lecordier,16.76,15.96,32.72,16/01/2022,HR,Cam Labden,45.18,1478.2896
458,Mead Cutridge,24.88,19.53,44.41,30/01/2022,Sales,Jessee Kalewe,13.2,586.212
459,Pier Newall,17.95,6.85,24.8,26/01/2022,IT,Jeanie Pawlaczyk,17.75,440.2
460,Cullen Mebs,23.28,17.96,41.24,25/01/2022,Finance,Tabbie Briggdale,29.16,1202.5584
461,Layton Kemmet,28.05,3.64,31.69,08/01/2022,IT,Raddy Comberbach,20.85,660.7365
462,Gallagher Snepp,20.54,13.08,33.62,01/01/2022,IT,Anna Lindsey,45.88,1542.4856
463,Dianne Cordes,24.14,15.48,39.62,17/01/2022,Marketing,Tish Danis,13.75,544.775
464,Anabella Blasgen,32.15,5.93,38.08,15/01/2022,Marketing,Galen Backsal,46.65,1776.432
465,Virge Eveque,29.84,6.68,36.52,04/01/2022,HR,Rosana Oldroyde,24.87,908.2524
466,Teddi Morgon,14.05,17.94,31.99,16/01/2022,IT,Caroline Caile,18.14,580.2986
467,Dore Chasier,18.17,17.99,36.16,20/01/2022,HR,Brunhilde Casacchia,47.57,1720.1312
468,Stacee Haberfield,33.73,11.26,44.99,03/01/2022,Marketing,Hope Dedam,43.1,1939.069
469,Bartie Waumsley,23.54,14.73,38.27,30/01/2022,Sales,Florida Truggian,18.51,708.3777
470,Laina Casarino,11.58,18.7,30.28,16/01/2022,Finance,Kameko Cobbledick,24.34,737.0152
471,Vivie Carcas,39.45,0.32,39.77,08/01/2022,Finance,Mollee Marshallsay,21.8,866.986
472,Evania Tedman,34.93,1.84,36.77,01/01/2022,Marketing,Roselin Motion,13.92,511.8384
473,Enriqueta Sawer,28.79,0.84,29.63,29/01/2022,Marketing,Ambrosi Kleinpeltz,27.78,823.1214
474,Erskine Gosney,2.92,12.78,15.7,24/01/2022,Marketing,Jake Castaneda,41.67,654.219
475,Lurline Birdfield,4.42,7.72,12.14,05/01/2022,HR,Douglas Yakubovics,11.41,138.5174
476,Jeannette Dunguy,22.52,4.65,27.17,12/01/2022,HR,Piper Kadwallider,34.13,927.3121
477,Rob Dominelli,5.15,0.75,5.9,29/01/2022,Finance,Kristofer Stuckford,40.68,240.012
478,Mandy Yellowlees,32.73,17.5,50.23,25/01/2022,Finance,Currey Tottem,30.83,1548.5909
479,Kristina Keeting,6.01,5.63,11.64,16/01/2022,HR,Myrilla McGrane,26.88,312.8832
480,Darb Biskupiak,9.03,12.24,21.27,14/01/2022,HR,Cheryl Symson,26.74,568.7598
481,Maisie Leatt,2.25,4.44,6.69,03/01/2022,Sales,Nellie Jozwik,41.38,276.8322
482,Gratia Dominey,25.87,16.64,42.51,14/01/2022,HR,Filia Arden,14.56,618.9456
483,Bryant Brisker,29.14,19.0,48.14,26/01/2022,Sales,Aurthur Gile,34.89,1679.6046
484,Nicole Dearell,20.7,14.64,35.34,20/01/2022,Finance,Laina Labba,32.83,1160.2122
485,Frieda Littrick,23.02,3.81,26.83,24/01/2022,Sales,Lorelei Aizikovich,31.43,843.2669
486,Donnell Stollwerck,26.48,15.64,42.12,19/01/2022,HR,Willa Camidge,10.83,456.1596
487,Marylynne Dodsley,7.54,12.44,19.98,18/01/2022,HR,Dalia Hoodspeth,46.34,925.8732
488,Rikki Hardwick,9.91,16.33,26.24,11/01/2022,Sales,Avery Legion,12.61,330.8864
489,Fayina McArd,9.77,12.24,22.01,12/01/2022,HR,Lay Offield,44.26,974.1626
490,Errol Winchcum,10.55,19.01,29.56,08/01/2022,IT,Jane Kitchenman,14.54,429.8024
491,Willey Beale,30.9,19.35,50.25,10/01/2022,HR,Karleen Skett,33.44,1680.36
492,Lonny Shawcross,34.9,3.96,38.86,11/01/2022,Marketing,Claudina Brodhead,27.95,1086.137
493,Therese Bier,24.36,19.19,43.55,06/01/2022,Sales,Tersina Gwatkin,22.85,995.1175
494,Issie Hammill,7.53,10.15,17.68,18/01/2022,Sales,Demetrius Erley,33.59,593.8712
495,Berkeley Stainbridge,17.59,16.06,33.65,18/01/2022,Sales,Joane Lough,22.02,740.973
496,Electra Starrs,1.68,2.23,3.91,09/01/2022,Finance,Camila Ahrenius,15.63,61.1133
497,Nedda Pyburn,37.97,7.75,45.72,19/01/2022,IT,Sybille Spurgin,19.19,877.3668
498,Paige Cutajar,8.33,19.96,28.29,14/01/2022,Finance,Darbee Swinnard,34.16,966.3864
499,Sanford Lambersen,13.22,18.56,31.78,30/01/2022,Marketing,Freida Edden,46.99,1493.3422
500,Mala Cussen,4.28,1.64,5.92,10/01/2022,IT,Wenda Giblin,26.48,156.7616
501,Barret Ogilvie,36.47,7.38,43.85,25/01/2022,IT,Kalinda Alekseev,36.87,1616.7495
502,Marquita MacRory,9.66,11.31,20.97,02/01/2022,IT,Vicky Aikett,42.52,891.6444
503,Nerissa Enrigo,4.55,2.12,6.67,23/01/2022,HR,Fredia McCafferky,39.19,261.3973
504,Cull Bridgestock,36.25,2.5,38.75,16/01/2022,Marketing,Lanny Larose,35.25,1365.9375
505,Sally Starrs,32.23,6.81,39.04,01/01/2022,Finance,Ebenezer Janacek,21.76,849.5104
506,Burke Rubertelli,8.11,4.74,12.85,16/01/2022,Marketing,Fey Decruse,27.06,347.721
507,Vilma Gladwin,2.87,1.82,4.69,27/01/2022,HR,Kelbee Heam,42.64,199.9816
508,Ring Thiem,9.68,17.46,27.14,29/01/2022,Finance,Babita Jovasevic,29.09,789.5026
509,Elora Popple,26.39,1.33,27.72,02/01/2022,Finance,Elysia Hearnes,31.65,877.338
510,Hugh Downing,26.14,9.59,35.73,07/01/2022,HR,Leigha Carvell,38.42,1372.7466
511,Gerrie Cator,39.16,12.25,51.41,28/01/2022,IT,Paco Colcomb,24.41,1254.9181
512,Venita Meadley,38.39,6.68,45.07,12/01/2022,Finance,Rae Tuvey,18.17,818.9219
513,Ryan Handling,9.75,18.43,28.18,23/01/2022,HR,Devlen Rapo,19.78,557.4004
514,Evangelin Lantuff,6.61,14.85,21.46,14/01/2022,Marketing,Johnathon Hardwidge,36.05,773.633
515,Clementius Cockshot,11.77,9.13,20.9,03/01/2022,Marketing,Emmalyn Coot,46.42,970.178
516,Harriott Josham,23.28,10.78,34.06,05/01/2022,IT,Mathew Grishakin,32.57,1109.3342
517,Tim Lebbern,26.49,11.44,37.93,14/01/2022,Marketing,Staci Campe,28.06,1064.3158
518,Cookie Shergill,15.66,13.75,29.41,01/01/2022,Finance,Humfrey De Gowe,40.85,1201.3985
519,Maighdiln Crofthwaite,39.17,10.57,49.74,14/01/2022,HR,Farra Shapter,41.87,2082.6138
520,Gerrard Liptrod,19.83,11.63,31.46,26/01/2022,Marketing,Peria Keeping,41.0,1289.86
521,Connor Renny,31.69,8.69,40.38,24/01/2022,Sales,Mattias Majury,15.44,623.4672
522,Willi Finlater,23.43,0.25,23.68,28/01/2022,Finance,Tremaine Camilletti,16.22,384.0896
523,Chanda Rainbow,16.22,8.47,24.69,09/01/2022,Marketing,Saundra Gabbitus,24.51,605.1519
524,Jerrine Kilpatrick,0.91,15.55,16.46,14/01/2022,HR,Hally Decker,25.48,419.4008
525,Talbert Giraths,19.71,17.73,37.44,04/01/2022,HR,Abbe Bony,32.99,1235.1456
526,Gisella Shillabear,25.8,0.31,26.11,21/01/2022,Sales,Yovonnda Sexon,36.93,964.2423
527,Ingrid Auten,20.74,19.85,40.59,06/01/2022,Marketing,Jonah Ferrand,14.87,603.5733
528,Jermaine Hackney,21.31,15.42,36.73,28/01/2022,HR,Catlee MacCoughan,11.96,439.2908
529,Michel Songust,13.48,10.56,24.04,04/01/2022,IT,Sharla Ford,22.07,530.5628
530,Frayda Lowmass,37.33,6.56,43.89,24/01/2022,Finance,Marlie Targe,10.06,441.5334
531,Rockie Scawen,38.42,7.12,45.54,04/01/2022,HR,Katusha Bengle,48.64,2215.0656
532,Tymothy Pennick,14.46,19.12,33.58,24/01/2022,HR,Corny Sedge,18.87,633.6546
533,Alisha Godin,1.51,4.92,6.43,18/01/2022,HR,Alexine Dalby,38.7,248.841
534,Jimmy Boerderman,15.18,10.79,25.97,04/01/2022,Marketing,Lonni Leatt,13.3,345.401
535,Charisse Paramor,19.28,7.24,26.52,27/01/2022,Sales,Nestor Lorait,15.29,405.4908
536,Joli Abyss,10.65,13.58,24.23,02/01/2022,Sales,Germayne Libbe,15.23,369.0229
537,Tamas Greenhouse,16.83,9.49,26.32,06/01/2022,Sales,Justen Benallack,32.44,853.8208
538,Sanderson Jozefowicz,38.64,11.54,50.18,21/01/2022,Sales,Reamonn Van der Beek,40.66,2040.3188
539,Burch Cringle,26.66,4.39,31.05,10/01/2022,HR,Melessa Flippen,25.14,780.597
540,Debra Shillaber,32.11,13.73,45.84,07/01/2022,IT,Paule St Clair,26.21,1201.4664
541,Shaylah Balffye,31.4,14.55,45.95,05/01/2022,IT,Beverlie Vannar,27.75,1275.1125
542,Colas Dagworthy,30.45,11.04,41.49,16/01/2022,HR,Shannen Gotcliff,33.85,1404.4365
543,Ulberto Swaite,18.49,12.73,31.22,21/01/2022,Finance,Berkly Emsley,24.88,776.7536
544,Neddy Nelthrop,25.13,19.49,44.62,03/01/2022,HR,Orion Smuth,15.34,684.4708
545,Bryant Reiner,10.28,3.85,14.13,13/01/2022,Finance,Tod Wines,27.89,394.0857
546,Loy Cowland,26.83,17.99,44.82,16/01/2022,Finance,Emylee Kryzhov,16.92,758.3544
547,Marty Goggins,6.78,14.53,21.31,04/01/2022,IT,Modestine Grimme,24.77,527.8487
548,Sarina Dackombe,3.05,11.59,14.64,11/01/2022,Sales,Jimmie Kagan,31.75,464.82
549,Joby Longmuir,15.49,13.14,28.63,13/01/2022,IT,Bev Baudrey,31.23,894.1149
550,Glennie Nesbit,25.85,19.68,45.53,06/01/2022,Marketing,Heinrick Qualtrough,22.16,1008.9448
551,Christi Fullerlove,15.45,10.88,26.33,04/01/2022,Sales,Lexine Humm,32.49,855.4617
552,Trista Carmo,22.28,14.37,36.65,07/01/2022,Sales,Brendon Agney,17.0,623.05
553,Raine Kruger,16.4,12.66,29.06,14/01/2022,HR,Perry Clynter,14.96,434.7376
554,Herbie Enoksson,29.69,0.65,30.34,24/01/2022,IT,Nanice Sabater,24.28,736.6552
555,Kippy Tattoo,11.6,11.91,23.51,16/01/2022,HR,Gennie Kearle,14.31,336.4281
556,Mead Innerstone,37.81,0.23,38.04,11/01/2022,Sales,Benedikta Fealy,44.87,1706.8548
557,Leonard Kleinert,11.43,6.33,17.76,27/01/2022,IT,Kliment Akram,44.12,783.5712
558,Gnni Sedgeworth,35.64,19.25,54.89,03/01/2022,HR,Eldin Dunnett,29.29,1607.7281
559,Morie O'Hone,8.09,19.03,27.12,08/01/2022,HR,Christopher Oglesbee,39.35,1067.172
560,Bertina Pellingar,17.03,9.99,27.02,07/01/2022,IT,Farr Hutchings,22.9,618.758
561,Linzy Jansema,30.36,7.53,37.89,16/01/2022,Finance,June Silver,27.28,1033.6392
562,Stanislas Haggleton,20.85,16.52,37.37,13/01/2022,Finance,Maddy Chislett,48.73,1821.0401
563,Sherry Whittock,1.69,16.3,17.99,30/01/2022,HR,Bettine Staniforth,42.43,763.3157
564,Marylin Escolme,21.05,10.45,31.5,12/01/2022,Sales,Dierdre Kleeborn,43.62,1374.03
565,Fin Friedenbach,17.45,14.52,31.97,04/01/2022,Finance,Lindsay Depka,33.04,1056.2888
566,Beitris Durker,27.29,19.13,46.42,30/01/2022,IT,Opaline Baglow,37.37,1734.7154
567,Martha MacLese,14.45,6.24,20.69,12/01/2022,HR,Maxwell Conahy,11.23,232.3487
568,Junia Sebrens,2.11,1.84,3.95,05/01/2022,HR,Carena Burnsyde,26.01,102.7395
569,Laughton Ghilardi,27.52,6.67,34.19,10/01/2022,HR,Gabey Mays,37.64,1286.9116
570,Waldo Ayars,13.92,8.8,22.72,22/01/2022,Finance,Nessi Kiera,29.93,680.0096
571,Opalina Alcorn,19.15,3.38,22.53,06/01/2022,Finance,David Corrison,20.03,451.2759
572,Rani Holburn,25.64,19.98,45.62,21/01/2022,Finance,Evy Wapple,24.36,1111.3032
573,Cyndy Berns,34.77,13.37,48.14,18/01/2022,Finance,Cara Baptiste,37.09,1785.5126
574,Eada Foystone,31.46,7.68,39.14,30/01/2022,Finance,Darbie Brunelleschi,16.24,635.6336
575,Eziechiele Russe,27.45,16.61,44.06,20/01/2022,Finance,Hastie Jerram,45.63,2010.4578
576,Marcellina Jannaway,14.03,13.85,27.88,09/01/2022,HR,Caresa Nansom,28.75,801.55
577,Phil Dawnay,30.09,12.86,42.95,06/01/2022,IT,Karoly Crofts,29.65,1273.4675
578,Frank Matejka,2.35,1.12,3.47,05/01/2022,Finance,Agathe Mallam,42.68,148.0996
579,Kahaleel Daymond,30.12,6.96,37.08,22/01/2022,IT,Megen Signe,18.76,695.6208
580,Row Seson,39.7,19.26,58.96,05/01/2022,Marketing,Jud O'Mannion,35.14,2071.8544
581,Stephanie Cardenoso,3.08,13.16,16.24,13/01/2022,HR,Doreen Standeven,22.97,373.0328
582,Georges Tapenden,25.1,1.01,26.11,03/01/2022,HR,Neddy Keld,33.27,868.6797
583,Katerine Yallop,31.56,7.64,39.2,08/01/2022,Sales,Gifford Kaubisch,40.32,1580.544
584,Sharleen Elfe,37.03,17.66,54.69,10/01/2022,IT,Ruben Heeron,41.34,2260.8846
585,Pascal Descroix,21.42,6.19,27.61,26/01/2022,Marketing,Karney Clemerson,17.01,469.6461
586,Marika Dows,35.75,2.3,38.05,28/01/2022,Marketing,Faun Besnardeau,25.8,981.69
587,Brendin Forty,18.97,2.98,21.95,20/01/2022,IT,Meade Ginty,20.8,456.56
588,Minne Bengtson,20.0,0.4,20.4,03/01/2022,Marketing,Wallas Bromet,36.94,753.576
589,Hunt Shall,24.26,0.75,25.01,07/01/2022,IT,Reynold Keighley,26.17,654.5117
590,Munroe Fardell,1.51,12.42,13.93,21/01/2022,Marketing,Obie Lashmar,49.75,693.0175
591,Maryjane Gatcliff,12.27,4.74,17.01,06/01/2022,IT,Patricia Benge,32.98,560.9898
592,Donetta Beiderbecke,5.83,13.54,19.37,13/01/2022,Finance,Gwenneth Galbreath,14.92,289.0004
593,Zelda Le Barre,19.7,10.95,30.65,09/01/2022,Sales,Nancie Ketteringham,20.83,638.4395
594,Anallise Tingey,22.33,9.05,31.38,09/01/2022,IT,Umberto Smylie,39.58,1242.0204
595,Cullin Malyj,13.93,10.68,24.61,19/01/2022,Finance,Deonne Eggleton,38.59,949.6999
596,Jodi Farloe,19.32,4.95,24.27,15/01/2022,Sales,Melina Tippler,17.25,418.6575
597,Reynard Lansdowne,13.9,14.77,28.67,09/01/2022,HR,Ollie Durie,17.41,499.1447
598,Allayne Aves,2.64,10.37,13.01,11/01/2022,HR,Gerry Caret,36.46,474.3446
599,Jannel Nys,23.44,15.06,38.5,27/01/2022,Sales,Skippy Pasquale,45.5,1751.75
600,Geoffry MacFadyen,11.61,15.77,27.38,12/01/2022,Sales,Horst Shakshaft,35.78,979.6564
601,Alric Sketch,23.0,17.23,40.23,12/01/2022,IT,Tiffy Jelks,28.74,1156.2102
602,Odella Gooch,10.05,4.13,14.18,13/01/2022,Sales,Atlanta Loadsman,35.32,500.8376
603,Barb Kane,26.3,4.54,30.84,29/01/2022,HR,Farrel Jossum,11.76,362.6784
604,Thorndike Pimmocke,35.36,3.84,39.2,01/01/2022,IT,Wenona Brooker,25.71,1007.832
605,Elsbeth Duncan,6.59,14.61,21.2,02/01/2022,Sales,Gardner Quilter,46.11,977.532
606,Augustine Stivani,1.64,12.57,14.21,12/01/2022,Marketing,Nadine Lacroix,33.69,478.7349
607,Meir Klimochkin,10.21,11.59,21.8,02/01/2022,HR,Abdel Huby,38.16,831.888
608,Olympia D'Ambrogio,23.09,6.1,29.19,23/01/2022,Finance,Cosme Davydkov,10.55,307.9545
609,Shelli Corderoy,16.93,10.3,27.23,27/01/2022,IT,Wittie Matisse,34.73,945.6979
610,Winifred Boner,35.14,11.18,46.32,28/01/2022,Finance,Amelina Antic,29.05,1345.596
611,Pris Sooley,32.51,4.21,36.72,04/01/2022,Marketing,Emyle Klossek,23.3,855.576
612,Mildrid Edgler,14.09,17.38,31.47,25/01/2022,Sales,Padgett Teggin,49.76,1565.9472
613,Sarajane Hatch,32.88,12.24,45.12,30/01/2022,IT,Onfre Pavelka,14.14,637.9968
614,Kim Weldon,27.61,1.45,29.06,23/01/2022,HR,Courtnay Kyrkeman,46.8,1360.008
615,Adena Boyes,21.57,14.75,36.32,26/01/2022,Sales,Dunn Attwool,16.5,599.28
616,Charlena Whicher,8.04,13.44,21.48,27/01/2022,Finance,Penrod Guerola,34.24,735.4752
617,Uta Whitecross,10.29,18.59,28.88,17/01/2022,Finance,Noelyn Prine,16.34,471.8992
618,Abraham Greening,37.51,11.14,48.65,21/01/2022,Finance,Moses Keri,44.81,2180.0065
619,Henderson Kennewell,12.96,11.01,23.97,24/01/2022,Finance,Jesse Grigori,14.03,336.2991
620,Robinett Ciobotaro,38.44,9.54,47.98,22/01/2022,HR,Ken Lambie,33.48,1606.3704
621,Holly Scrinage,34.31,19.25,53.56,08/01/2022,Sales,Barty Braley,20.35,1089.946
622,Sterling Hampton,39.8,14.71,54.51,18/01/2022,Finance,Jaye Marciek,16.17,881.4267
623,Janenna Bellchamber,6.85,7.14,13.99,16/01/2022,Finance,Dimitry Flewitt,27.14,379.6886
624,Johnnie Ricioppo,6.11,10.19,16.3,23/01/2022,IT,Gerome Lear,28.75,468.625
625,Astrid Malarkey,30.85,19.83,50.68,15/01/2022,Sales,Frasquito Lathan,15.3,775.404
626,Jerrie Andrat,26.82,12.3,39.12,25/01/2022,IT,Mignon Offiler,32.22,1260.4464
627,Revkah Laurenz,34.43,4.75,39.18,25/01/2022,Sales,Bartie MacFadzan,17.13,671.1534
628,Pate Farady,3.8,7.79,11.59,21/01/2022,Finance,Morna Micheau,14.33,166.0847
629,Celia Grisenthwaite,30.35,10.33,40.68,16/01/2022,Marketing,Shandee McAne,22.67,922.2156
630,Shane Jochanany,27.12,13.31,40.43,25/01/2022,IT,Elly Pennigar,15.15,612.5145
631,Dun Levermore,20.62,13.75,34.37,24/01/2022,Finance,Vally Quested,27.62,949.2994
632,Hamilton Kiera,10.13,3.24,13.37,22/01/2022,Marketing,Adelheid Micklem,34.3,458.591
633,Niles Chauvey,5.73,9.16,14.89,13/01/2022,Finance,Aldrich Zoanetti,14.24,212.0336
634,Birdie Hanbidge,1.06,9.65,10.71,25/01/2022,Finance,Henrieta Siward,22.88,245.0448
635,Sashenka Dollin,24.68,1.42,26.1,29/01/2022,Marketing,Ryun Dymott,45.53,1188.333
636,Hamlen Sutherby,9.17,0.08,9.25,19/01/2022,IT,Ertha Hatto,48.89,452.2325
637,Jeth Trimby,32.39,9.54,41.93,23/01/2022,IT,Byrom Chuck,28.86,1210.0998
638,Skelly Linfield,38.06,6.97,45.03,04/01/2022,Finance,Roby Coie,44.71,2013.2913
639,Stavro Dybell,39.04,9.15,48.19,04/01/2022,IT,Veriee Storks,44.59,2148.7921
640,Franni Hastie,34.77,9.83,44.6,02/01/2022,Sales,Perceval Greeve,48.77,2175.142
641,Carrie Pannaman,2.04,4.45,6.49,07/01/2022,Finance,Alla Wareham,28.9,187.561
642,Doralyn Gladwish,26.93,14.23,41.16,06/01/2022,Finance,Briant Lacky,45.28,1863.7248
643,Peyton Cowthart,18.36,7.73,26.09,15/01/2022,Finance,Laureen Davydochkin,27.14,708.0826
644,Efren Honatsch,21.39,6.35,27.74,12/01/2022,Finance,Tanitansy Pflieger,43.85,1216.399
645,Corny Skipsey,25.98,6.34,32.32,05/01/2022,Sales,Kermy Lindenblatt,43.59,1408.8288
646,Janis Reavey,30.51,13.96,44.47,09/01/2022,Finance,Edyth Canet,38.91,1730.3277
647,Philip Buffin,34.4,15.17,49.57,29/01/2022,Marketing,Rick McCosh,20.27,1004.7839
648,Sibbie Spary,11.72,17.25,28.97,16/01/2022,HR,Norma Tetla,43.83,1269.7551
649,Junette Luipold,2.18,0.51,2.69,03/01/2022,Sales,Henka Foyston,16.25,43.7125
650,Harmonia Boullin,13.48,10.43,23.91,06/01/2022,IT,Courtenay McNiff,48.28,1154.3748
651,Tedda Battey,9.55,19.1,28.65,21/01/2022,Marketing,Ramon Assender,29.5,845.175
652,Ulrikaumeko Parkey,13.18,18.56,31.74,05/01/2022,IT,Tomasina Eckford,11.37,360.8838
653,Franny Attfield,13.92,12.2,26.12,30/01/2022,HR,Moira Revans,17.1,446.652
654,Andres Kettel,39.76,4.5,44.26,13/01/2022,Marketing,Garrett Cockings,23.02,1018.8652
655,Bettine Beckerleg,18.95,14.3,33.25,13/01/2022,Marketing,Lyon Willstrop,24.38,810.635
656,Yevette Kiley,28.07,17.09,45.16,18/01/2022,HR,Stillman Gommes,39.38,1778.4008
657,Ida Shrigley,21.79,9.83,31.62,07/01/2022,Marketing,Mina Algate,19.35,611.847
658,Marchelle Whittlesea,1.74,2.91,4.65,06/01/2022,Sales,Elyse Coleyshaw,42.81,199.0665
659,Garv McCurtin,28.25,17.15,45.4,15/01/2022,HR,Timmie Asplen,11.2,508.48
660,Eva Cleverly,36.68,16.1,52.78,25/01/2022,IT,Conni Finker,30.68,1619.2904
661,Cassi Faunch,2.72,1.27,3.99,21/01/2022,Finance,Monroe Hancke,10.47,41.7753
662,Ahmed Baguley,13.22,10.71,23.93,07/01/2022,Finance,Ethelda Whapple,12.94,309.6542
663,Adriane Paxforde,28.98,9.57,38.55,05/01/2022,Sales,Conroy Guerre,48.88,1884.324
664,Ricardo Leighfield,18.8,3.0,21.8,25/01/2022,IT,Etty Langrick,49.89,1087.602
665,Alley Baszkiewicz,27.66,12.13,39.79,10/01/2022,Finance,Elliott Stuehmeier,35.94,1430.0526
666,Joannes Dennett,16.31,17.07,33.38,18/01/2022,HR,Rustie Tomsu,41.59,1388.2742
667,Josi Gidden,26.2,4.42,30.62,05/01/2022,Marketing,Muire Bakewell,33.01,1010.7662
668,Hart Storrock,18.3,15.65,33.95,22/01/2022,Sales,Maribelle Dictus,33.86,1149.547
669,Glenden Berrecloth,19.22,6.54,25.76,22/01/2022,HR,Benjie Eddies,10.63,273.8288
670,Marrissa Kinzel,3.6,5.09,8.69,15/01/2022,HR,Ban Hazeup,25.71,223.4199
671,Jack Pallent,4.69,2.67,7.36,12/01/2022,HR,Tiffi Hazel,35.93,264.4448
672,Ingram Genge,27.34,6.15,33.49,11/01/2022,IT,Malvin Greson,28.97,970.2053
673,Kendell Lote,30.86,3.62,34.48,15/01/2022,Finance,Michele Aronsohn,29.76,1026.1248
674,Pierson Blacklidge,1.98,2.03,4.01,05/01/2022,Sales,Koenraad Monteath,25.69,103.0169
675,Clementina Jankovic,15.73,8.53,24.26,28/01/2022,IT,Drucill Pantin,12.53,303.9778
676,Olivia Matzel,10.17,18.82,28.99,20/01/2022,Finance,Shannon Durman,37.63,1090.8937
677,Pearline Yell,15.34,7.98,23.32,23/01/2022,Finance,Nettle Harly,39.82,928.6024
678,Clareta Gallimore,38.44,17.7,56.14,08/01/2022,Marketing,Darrell Ahearne,11.0,617.54
679,Augustin Considine,8.62,14.61,23.23,01/01/2022,Sales,Mag Selkirk,26.87,624.1901
680,Wallas Dunnet,35.43,5.78,41.21,22/01/2022,HR,Salomon Mollon,34.03,1402.3763
681,Ulrikaumeko Ridolfi,19.64,3.08,22.72,15/01/2022,Sales,Aube Esslemont,22.02,500.2944
682,Chrissie McCarrell,33.2,13.85,47.05,29/01/2022,Sales,Henryetta Yitshak,42.27,1988.8035
683,Slade Ashburne,29.58,7.04,36.62,16/01/2022,HR,Osborne Antognetti,38.09,1394.8558
684,Gwendolin Tarply,34.41,19.91,54.32,21/01/2022,IT,Hashim Cobbled,12.07,655.6424
685,Amanda aManger,6.25,10.74,16.99,23/01/2022,IT,Walsh Deave,23.86,405.3814
686,Shaun Seson,36.39,11.69,48.08,30/01/2022,Finance,Quintilla Jessope,28.39,1364.9912
687,Leonard Caddick,23.36,17.29,40.65,09/01/2022,Marketing,Kalindi Balogh,48.02,1952.013
688,Darcee Halkyard,13.02,7.68,20.7,11/01/2022,IT,Pattie Gladtbach,15.36,317.952
689,Megan Pendleton,19.23,9.65,28.88,01/01/2022,HR,Mohandas Vacher,16.94,489.2272
690,Atlante Siddele,15.32,14.6,29.92,05/01/2022,Finance,Rich McGairl,32.61,975.6912
691,Carlyn Angus,34.32,2.59,36.91,02/01/2022,IT,Marchall Jordanson,16.27,600.5257
692,Pate Britnell,24.32,14.34,38.66,05/01/2022,Finance,Sander Rowden,14.6,564.436
693,Kristian Dorsey,27.58,19.2,46.78,03/01/2022,Marketing,Joela Romans,46.77,2187.9006
694,Tootsie Whelpton,18.63,0.25,18.88,21/01/2022,HR,Taffy Delmage,34.87,658.3456
695,Dodi Deabill,2.49,7.96,10.45,24/01/2022,Marketing,Lucretia Phethean,16.35,170.8575
696,Wilton Roma,35.59,2.79,38.38,15/01/2022,HR,Bobbi Giorgioni,48.88,1876.0144
697,Humfrid Mennear,27.54,17.9,45.44,09/01/2022,HR,Brandais Ranscome,20.55,933.792
698,Gael Andrieux,37.56,18.15,55.71,17/01/2022,Finance,Abran Bohills,30.79,1715.3109
699,Jacquenette Collman,0.45,4.12,4.57,20/01/2022,Marketing,Arney Face,37.38,170.8266
700,Lucila Gronow,36.22,14.46,50.68,04/01/2022,HR,Angie Norval,40.33,2043.9244
701,Dalton Beric,37.01,12.79,49.8,16/01/2022,HR,Zebulon Este,22.31,1111.038
702,Issy Chamberlin,15.52,5.71,21.23,15/01/2022,IT,Joachim Brickner,38.33,813.7459
703,Brooks Horsfield,7.2,13.88,21.08,26/01/2022,HR,Liva Greaterex,10.45,220.286
704,Ailbert Moscone,36.38,11.09,47.47,27/01/2022,HR,Wendel Howie,22.85,1084.6895
705,Carolee Rainy,28.17,16.73,44.9,14/01/2022,Marketing,Lanita Hastelow,41.56,1866.044
706,Woodie Ivanonko,30.89,14.8,45.69,28/01/2022,IT,Francisca Cranefield,38.45,1756.7805
707,Ive Lewton,6.21,2.69,8.9,01/01/2022,Sales,Ania Linster,45.23,402.547
708,Flynn Gillivrie,29.59,14.96,44.55,29/01/2022,HR,Sada Berks,23.9,1064.745
709,Jaquelyn Sharrier,16.21,17.1,33.31,26/01/2022,IT,Marni Petts,22.1,736.151
710,Kaja Skayman,37.34,15.07,52.41,28/01/2022,Sales,Niles Arnaut,13.16,689.7156
711,Milly Grancher,4.29,17.77,22.06,12/01/2022,IT,Winny Sellstrom,19.64,433.2584
712,Chickie Donaho,16.88,8.31,25.19,10/01/2022,Sales,Rhiamon Skeermor,32.24,812.1256
713,Desiri Petrus,7.9,4.13,12.03,18/01/2022,Finance,Worthington Withinshaw,37.74,454.0122
714,Jillane Belvard,10.95,8.07,19.02,15/01/2022,Sales,Laurence Flement,30.76,585.0552
715,Alfie Fateley,18.0,2.41,20.41,11/01/2022,Marketing,Chery Skilbeck,15.16,309.4156
716,Sam Giddins,23.1,17.47,40.57,13/01/2022,Sales,Kellia Abramino,21.89,888.0773
717,Britney Ovanesian,36.48,6.71,43.19,24/01/2022,Marketing,Rosana Cowlin,20.6,889.714
718,Ephrem Tincknell,3.5,13.7,17.2,12/01/2022,Marketing,Ulberto Sorro,11.57,199.004
719,Darcie Nannizzi,20.26,5.37,25.63,12/01/2022,IT,Stace Lydiatt,17.21,441.0923
720,Kally Caddock,3.28,2.82,6.1,14/01/2022,HR,Grenville Fleckness,47.0,286.7
721,Fleming Larver,39.12,1.66,40.78,19/01/2022,Marketing,Genna Getch,37.89,1545.1542
722,Mil Praundl,32.66,2.15,34.81,24/01/2022,Marketing,Johnna Wood,35.56,1237.8436
723,Lorrin Childe,33.48,14.96,48.44,06/01/2022,Finance,Ciro Berringer,13.01,630.2044
724,Sydel Rulton,39.27,19.19,58.46,28/01/2022,Marketing,Domenico Tring,45.27,2646.4842
725,Roobbie Crayk,0.14,17.16,17.3,04/01/2022,Finance,Bobbe Delos,44.36,767.428
726,Rozele Willeman,2.35,18.62,20.97,15/01/2022,IT,Ali Schutte,30.47,638.9559
727,Rudie Exton,17.51,9.68,27.19,10/01/2022,Marketing,Spense Cheney,19.36,526.3984
728,Ralina Ashpital,35.77,5.39,41.16,09/01/2022,Sales,Lucine Sueter,16.13,663.9108
729,Regina Bourtoumieux,0.26,10.2,10.46,15/01/2022,IT,Emyle Schulken,15.65,163.699
730,Desdemona Wallicker,20.65,6.09,26.74,14/01/2022,HR,Bartie Picknett,46.03,1230.8422
731,Don Scrivenor,29.95,4.55,34.5,19/01/2022,HR,Esdras Magne,18.25,629.625
732,Virgina Schwandermann,4.75,1.41,6.16,04/01/2022,HR,Lexi Casacchia,23.99,147.7784
733,Linnet Pippin,29.63,13.93,43.56,27/01/2022,IT,Emmanuel Jacobovitz,33.83,1473.6348
734,Seward Loudiane,5.14,17.32,22.46,05/01/2022,HR,Coralie Mitchard,34.13,766.5598
735,Eldon MacArthur,13.47,15.46,28.93,09/01/2022,HR,Delinda Semper,33.9,980.727
736,Yovonnda Twist,12.99,13.08,26.07,17/01/2022,Sales,Tracey Pickring,15.18,395.7426
737,Leila Jost,34.57,14.32,48.89,19/01/2022,IT,Yancy Gulliver,12.06,589.6134
738,Enriqueta Farryn,14.05,18.2,32.25,27/01/2022,Marketing,Agustin York,32.59,1051.0275
739,Cheslie Genthner,21.24,7.13,28.37,27/01/2022,IT,Fernando Gazzard,32.58,924.2946
740,Cece Ghidotti,27.02,8.07,35.09,07/01/2022,HR,Ashil Gerhold,47.73,1674.8457
741,Shurlock Kleinert,4.7,18.28,22.98,30/01/2022,HR,Hasheem Dixey,43.95,1009.971
742,Meggie Whellans,30.35,15.9,46.25,25/01/2022,Sales,Cynthy Noli,27.33,1264.0125
743,Virgina Timmes,23.37,14.84,38.21,11/01/2022,IT,Agnola Longman,10.21,390.1241
744,Malchy Locke,32.1,0.68,32.78,11/01/2022,HR,Berthe Ianetti,41.9,1373.482
745,Drusy Staig,1.48,15.38,16.86,08/01/2022,Marketing,Hillard Leyninye,38.02,641.0172
746,Juana Revens,38.05,8.73,46.78,30/01/2022,IT,Tiphani Dible,29.48,1379.0744
747,Honey Haw,6.32,6.83,13.15,11/01/2022,Finance,Nert Niese,42.62,560.453
748,Bruno Baldazzi,21.74,2.04,23.78,30/01/2022,Marketing,Francklin Rubin,34.83,828.2574
749,Chase Parham,6.79,13.26,20.05,22/01/2022,HR,Kimberlyn Wornham,25.57,512.6785
750,Tanitansy Paulton,38.29,6.55,44.84,12/01/2022,Finance,Pedro Sawl,49.14,2203.4376
751,Rahel Bleckly,7.96,9.74,17.7,17/01/2022,IT,Nicolais Pickring,19.97,353.469
752,Darbee Veltmann,16.41,13.39,29.8,17/01/2022,Marketing,Buddy Noquet,10.06,299.788
753,Gilbertine Treweela,38.14,8.88,47.02,14/01/2022,HR,Johnathon Benny,46.15,2169.973
754,Rozamond Percifull,21.36,5.65,27.01,04/01/2022,HR,Niko Niese,35.38,955.6138
755,Maximilianus Ruddell,8.8,13.78,22.58,16/01/2022,HR,Inness Androlli,47.96,1082.9368
756,Griselda Nussen,1.43,18.7,20.13,30/01/2022,HR,Jamil Jaze,13.79,277.5927
757,Willow Tipler,18.28,2.01,20.29,24/01/2022,Finance,Salem Larn,29.15,591.4535
758,Oberon Foxwell,23.46,14.3,37.76,08/01/2022,IT,Joline Seiler,49.47,1867.9872
759,Aguie Deaville,35.21,1.35,36.56,02/01/2022,IT,Gerardo McCullogh,18.49,675.9944
760,Kristy Mackilpatrick,12.44,16.09,28.53,23/01/2022,IT,Anna-diane Yoell,14.17,404.2701
761,Andrei Methuen,36.27,18.37,54.64,08/01/2022,Finance,Germaine Arthurs,15.43,843.0952
762,Mariquilla Gwinnel,4.96,19.12,24.08,13/01/2022,Sales,Giuseppe Gillingham,12.98,312.5584
763,Cooper Dougliss,28.78,7.79,36.57,19/01/2022,Marketing,Malvina Tuftin,27.14,992.5098
764,Tanhya Tilne,28.03,7.56,35.59,22/01/2022,Sales,Evonne Ruf,15.35,546.3065
765,Rhonda Malster,16.14,3.37,19.51,14/01/2022,Marketing,Wallie Totterdell,24.73,482.4823
766,Arte Meijer,36.46,3.38,39.84,24/01/2022,Finance,Grier MacGee,48.51,1932.6384
767,Donnamarie McEnery,11.14,9.15,20.29,05/01/2022,HR,Essy Ostler,43.23,877.1367
768,Bob Mixer,10.38,4.47,14.85,09/01/2022,HR,Warren Piper,30.75,456.6375
769,Drucie Maccaig,36.41,18.72,55.13,28/01/2022,Sales,Anselma Scotney,38.11,2101.0043
770,Caroljean Euels,33.14,7.32,40.46,20/01/2022,IT,Meta MacGuigan,28.4,1149.064
771,Tann Mityakov,35.22,9.19,44.41,25/01/2022,IT,Cristen Nardoni,29.81,1323.8621
772,Ailyn Varndell,31.51,14.07,45.58,16/01/2022,IT,Pam Mockes,30.34,1382.8972
773,Armand Burgise,0.16,5.43,5.59,28/01/2022,Finance,Ericha Marcam,43.62,243.8358
774,Adam Kennford,37.08,6.13,43.21,02/01/2022,Marketing,Thomas Adamsson,45.01,1944.8821
775,Tammy Lamps,5.35,12.65,18.0,23/01/2022,HR,Herculie Sunnucks,28.59,514.62
776,Andrea De Freyne,0.79,15.89,16.68,17/01/2022,Marketing,Audrye Woakes,11.5,191.82
777,Saxe Vearncomb,22.0,3.19,25.19,06/01/2022,Finance,Vicky Burth,40.44,1018.6836
778,Nertie Badsworth,39.85,18.6,58.45,19/01/2022,Marketing,Wynne Scantleberry,49.13,2871.6485
779,Hailey Loines,8.84,19.56,28.4,10/01/2022,Marketing,Richart McTurk,15.22,432.248
780,Chlo Smowton,25.93,13.42,39.35,06/01/2022,Marketing,Trenton Josifovic,23.86,938.891
781,Noelyn Yurchenko,38.62,9.06,47.68,30/01/2022,Finance,Ulric Thormwell,19.7,939.296
782,Nevile Soff,19.15,2.75,21.9,04/01/2022,Sales,Rusty Littlejohn,36.22,793.218
783,Elden Arndtsen,22.31,1.95,24.26,11/01/2022,IT,Gregg Norwell,47.83,1160.3558
784,Bartholomew Havis,36.48,4.94,41.42,25/01/2022,HR,Den Espasa,47.7,1975.734
785,Salome Darracott,33.83,11.92,45.75,22/01/2022,Finance,Hatti Trunchion,32.56,1489.62
786,Marley Ambrosoli,6.11,12.14,18.25,02/01/2022,Finance,Elsinore Schrei,30.44,555.53
787,Reuben Silverstone,38.64,2.69,41.33,11/01/2022,HR,Anthony MacCrachen,45.09,1863.5697
788,Matias Shackell,6.66,4.29,10.95,05/01/2022,IT,Vanya Pigden,43.36,474.792
789,Cesar Dines,38.66,18.07,56.73,04/01/2022,HR,Nolan Rockey,28.94,1641.7662
790,Latrina Sale,8.31,11.74,20.05,16/01/2022,Marketing,Desiree O'Neill,30.64,614.332
791,Yvette Sharple,29.13,8.74,37.87,03/01/2022,Finance,Raine Corradetti,29.16,1104.2892
792,Hans Lyddyard,15.08,2.01,17.09,03/01/2022,Finance,Lenore Emptage,48.79,833.8211
793,Amalle Caile,16.09,12.74,28.83,25/01/2022,Marketing,Corbin Witsey,32.75,944.1825
794,Emeline Farlham,13.13,5.03,18.16,14/01/2022,IT,Leona Culverhouse,20.32,369.0112
795,Ogdan Benford,38.24,18.52,56.76,09/01/2022,Sales,Geraldine Lockhead,12.88,731.0688
796,Katha Bartolomieu,14.75,17.78,32.53,23/01/2022,HR,Thom Lago,11.75,382.2275
797,Lorraine Cureton,16.72,13.18,29.9,20/01/2022,Finance,Krystal Durrant,11.57,345.943
798,Janna Couche,13.19,17.07,30.26,27/01/2022,Sales,Dan Ryrie,39.53,1196.1778
799,Berkley Heinemann,33.66,12.3,45.96,14/01/2022,HR,Ingar Halsted,40.56,1864.1376
800,Jefferson Paulig,2.19,9.2,11.39,23/01/2022,Sales,Addison Montford,23.14,263.5646
801,Caressa Klimontovich,30.4,12.9,43.3,04/01/2022,IT,Leroi Gudeman,49.96,2163.268
802,Bendick Friberg,5.11,4.82,9.93,02/01/2022,Finance,Bette Mulran,26.48,262.9464
803,Ofilia Kurten,3.26,9.23,12.49,06/01/2022,Marketing,Aida Giorgietto,20.86,260.5414
804,William Dowsing,23.14,3.88,27.02,07/01/2022,HR,Francisca Ffoulkes,25.05,676.851
805,Raff Kleinert,7.54,19.29,26.83,29/01/2022,IT,Orville Gilliland,42.63,1143.7629
806,Pat Cantu,33.9,3.79,37.69,23/01/2022,HR,Noel Cotterill,10.73,404.4137
807,Francklyn Skiggs,18.31,0.89,19.2,22/01/2022,Marketing,Bevvy Boswood,48.87,938.304
808,Weider Geekie,29.03,19.79,48.82,13/01/2022,HR,Darb Cianelli,34.39,1678.9198
809,Gwenny Attac,39.53,2.68,42.21,14/01/2022,Sales,Ashton Gulley,36.96,1560.0816
810,Tuckie Mingasson,16.81,12.4,29.21,09/01/2022,HR,Warde Buttery,39.2,1145.032
811,Burg Bendel,14.17,3.8,17.97,09/01/2022,Marketing,Vance Kellock,48.02,862.9194
812,Haze Mycroft,29.83,4.27,34.1,13/01/2022,Marketing,Jaclin Kensington,23.44,799.304
813,Maisey Gasking,35.8,15.97,51.77,28/01/2022,HR,Barb Halifax,44.73,2315.6721
814,Dorrie Jiggens,37.32,4.3,41.62,29/01/2022,HR,Aili Prattington,10.1,420.362
815,Nanny Jull,38.89,3.32,42.21,04/01/2022,HR,Ellene Oldam,19.89,839.5569
816,Taber Burchett,37.06,7.55,44.61,15/01/2022,Finance,Martie Winter,30.06,1340.9766
817,Ikey Waldren,38.14,11.42,49.56,15/01/2022,IT,Robbie Larchier,40.63,2013.6228
818,Eugine Albrighton,34.3,8.52,42.82,11/01/2022,Marketing,Jannel Carlucci,19.24,823.8568
819,Dorie Corthes,5.3,4.53,9.83,25/01/2022,Sales,Tierney Crehan,10.79,106.0657
820,Mada Lavrick,38.43,18.58,57.01,23/01/2022,Finance,Sully Rabbatts,15.55,886.5055
821,Allina Nutbeam,18.79,7.73,26.52,03/01/2022,HR,Sansone Alberts,13.68,362.7936
822,Red Nicely,3.07,0.94,4.01,28/01/2022,Finance,Chris Bragg,28.87,115.7687
823,Devin Lindermann,19.52,9.41,28.93,09/01/2022,Sales,Tawsha Abbet,38.66,1118.4338
824,Ansell Stringer,13.72,4.95,18.67,14/01/2022,Sales,Wallace Hintze,26.87,501.6629
825,Carlen Housen,23.46,0.84,24.3,15/01/2022,Marketing,Haydon Curr,29.03,705.429
826,Sloan Fairbourn,21.67,13.84,35.51,19/01/2022,HR,Curran Cossons,41.7,1480.767
827,Gina Mogford,25.63,6.66,32.29,02/01/2022,HR,Odele Sizland,47.34,1528.6086
828,Hayes Mattson,18.95,4.87,23.82,25/01/2022,Sales,Maurise Dunsmuir,20.5,488.31
829,Justis Mallard,21.01,0.86,21.87,28/01/2022,Marketing,Sarine Allsworth,34.73,759.5451
830,Aldwin Holgan,31.12,5.56,36.68,14/01/2022,IT,Milzie Morit,16.73,613.6564
831,Jemima Tramel,12.53,0.84,13.37,15/01/2022,Sales,Sharlene Bruyns,13.14,175.6818
832,Alejandra De Rye Barrett,9.96,0.71,10.67,12/01/2022,IT,Bartel Costello,44.76,477.5892
833,Margarita Gallanders,1.24,16.62,17.86,06/01/2022,HR,Sheree Betjes,18.7,333.982
834,Jasmine Keppe,31.33,8.94,40.27,05/01/2022,HR,Sly Runge,41.16,1657.5132
835,Kelcy Hafford,34.95,13.48,48.43,11/01/2022,Finance,Bendite Carayol,48.08,2328.5144
836,Shepherd Bearcroft,21.04,8.44,29.48,17/01/2022,Finance,Barbee McGenis,44.05,1298.594
837,Kendall Trapp,20.24,6.91,27.15,13/01/2022,IT,Robinet Barbier,29.08,789.522
838,Arleen Lademann,31.26,13.81,45.07,05/01/2022,Sales,Curcio Enefer,41.37,1864.5459
839,Samara McCourtie,19.03,18.46,37.49,19/01/2022,IT,Wendall Casacchia,41.26,1546.8374
840,Lizzie Brisse,36.77,11.24,48.01,02/01/2022,Sales,Leisha Klaffs,47.35,2273.2735
841,Robin Killford,34.44,4.57,39.01,30/01/2022,HR,Cassandry Headech,15.92,621.0392
842,Brandon Rushmere,18.52,19.39,37.91,08/01/2022,IT,Lyndel Dawes,22.8,864.348
843,Ailina MacKean,29.58,1.34,30.92,13/01/2022,IT,Sonja Quarmby,21.09,652.1028
844,Dulciana Lintott,34.04,1.74,35.78,24/01/2022,Sales,Elihu Geraldi,22.4,801.472
845,Brandise Lagadu,30.08,18.87,48.95,04/01/2022,HR,Isadora Rockliffe,12.23,598.6585
846,Kizzie Liddon,14.55,6.34,20.89,04/01/2022,IT,Rozalie Pym,32.48,678.5072
847,Hervey Fossick,23.92,6.57,30.49,27/01/2022,Finance,Thelma Manktelow,43.3,1320.217
848,Edeline Lethbridge,39.06,14.24,53.3,11/01/2022,Sales,Andromache Matanin,28.07,1496.131
849,Marge Jiri,31.1,12.17,43.27,14/01/2022,Sales,Burlie Sames,37.39,1617.8653
850,Rebeka Honniebal,22.21,14.11,36.32,21/01/2022,IT,Kariotta Dudson,12.21,443.4672
851,Lela Borleace,30.44,0.04,30.48,25/01/2022,Sales,Franni Bickers,34.68,1057.0464
852,Lolita Funcheon,24.82,14.13,38.95,10/01/2022,HR,Ava Ralfe,36.96,1439.592
853,Mirelle Wood,13.58,8.02,21.6,18/01/2022,Sales,Anna-diana Keary,20.05,433.08
854,Douglass Grey,9.42,13.83,23.25,30/01/2022,Marketing,Lorenzo Hiscocks,12.94,300.855
855,Bryan Leven,26.39,19.04,45.43,01/01/2022,HR,Adria Esslement,20.73,941.7639
856,Templeton Syms,7.15,13.37,20.52,06/01/2022,Sales,Jackie Mochan,49.61,1017.9972
857,Marlene Padginton,7.33,12.97,20.3,26/01/2022,IT,Hamid Dictus,36.42,739.326
858,Lory Heitz,30.53,10.42,40.95,06/01/2022,Marketing,Joy Dennick,38.52,1577.394
859,Vonni Breslane,14.51,7.54,22.05,13/01/2022,HR,Callie Fairhead,30.05,662.6025
860,Merrick Kenafaque,25.56,11.24,36.8,26/01/2022,Marketing,Myrtle Whayman,48.27,1776.336
861,Gracia Bawden,12.9,2.7,15.6,29/01/2022,Marketing,Emmanuel Mullane,29.61,461.916
862,Zebedee Local,10.13,4.67,14.8,12/01/2022,Marketing,Bronnie Fever,45.17,668.516
863,Robb Edwardes,7.24,8.3,15.54,28/01/2022,Marketing,Brose Constable,14.07,218.6478
864,Paddie Dmitrichenko,16.2,8.81,25.01,02/01/2022,HR,Matthiew Sidnall,33.15,829.0815
865,Carline Auletta,3.07,5.72,8.79,19/01/2022,HR,Nanine Goulbourn,37.06,325.7574
866,Alexio Neilands,39.56,14.78,54.34,14/01/2022,HR,Elmer Le Gall,14.5,787.93
867,Chauncey Ammer,10.33,14.93,25.26,04/01/2022,Finance,Val Webby,12.17,307.4142
868,Brewer Flewan,27.25,17.74,44.99,25/01/2022,Sales,Gloriane Iacopini,28.7,1291.213
869,Sim Aspey,19.01,0.16,19.17,19/01/2022,Finance,Tanner McGonnell,14.54,278.7318
870,Katy Lethebridge,27.4,6.75,34.15,27/01/2022,Marketing,Lorette Tilbury,38.5,1314.775
871,Annabal Hayer,0.97,11.95,12.92,14/01/2022,IT,Gus Longega,13.92,179.8464
872,Lind Benton,9.38,10.45,19.83,13/01/2022,Marketing,Kayla Armor,20.76,411.6708
873,Claudia Brunner,18.47,14.24,32.71,25/01/2022,Finance,Annette Yedy,45.43,1486.0153
874,Gifford Teggin,20.27,11.33,31.6,25/01/2022,Marketing,Dionysus Bailes,22.73,718.268
875,Joshia Bollom,29.32,19.58,48.9,06/01/2022,Sales,Elsi Feild,45.23,2211.747
876,Ag Alldis,16.78,0.35,17.13,29/01/2022,Marketing,Pooh Masser,39.72,680.4036
877,Norine Desouza,1.26,3.12,4.38,29/01/2022,Marketing,Roxana Coltherd,48.05,210.459
878,Bud Swannie,30.02,19.2,49.22,15/01/2022,IT,Merrie Cromleholme,16.14,794.4108
879,Gipsy Van Leeuwen,28.16,18.44,46.6,29/01/2022,IT,Aurie Vogeler,14.73,686.418
880,Ralph Musson,20.06,15.6,35.66,19/01/2022,Finance,Cathrin Mateos,20.17,719.2622
881,Townie Durbyn,9.18,4.36,13.54,30/01/2022,Sales,Anallese Dearsley,18.06,244.5324
882,Kacie Goodyer,32.77,16.75,49.52,18/01/2022,IT,Taryn Hutchison,45.3,2243.256
883,Nataline Dignon,38.16,7.54,45.7,25/01/2022,HR,Gerry Mournian,22.48,1027.336
884,Eleanore MacConneely,19.47,2.19,21.66,17/01/2022,Marketing,Benoit Wholesworth,42.69,924.6654
885,Foster Dooly,21.31,2.87,24.18,03/01/2022,Marketing,Sandy Lebourn,12.76,308.5368
886,Leanor Croall,18.04,4.01,22.05,19/01/2022,Finance,Desmund Goodby,27.47,605.7135
887,Pris Grog,14.53,14.07,28.6,13/01/2022,Finance,Kristal Lamasna,47.88,1369.368
888,Link Deaton,7.32,6.23,13.55,25/01/2022,Marketing,Crawford Simond,33.41,452.7055
889,Katti Giannini,13.16,3.73,16.89,20/01/2022,Sales,Ted Bakhrushin,12.61,212.9829
890,Carlen Cheavin,3.38,18.65,22.03,15/01/2022,HR,Byrom Galletly,10.68,235.2804
891,Randie Dunniom,14.89,15.73,30.62,16/01/2022,IT,Maurita St Pierre,32.81,1004.6422
892,Karlik Beven,25.32,17.3,42.62,13/01/2022,HR,Reggy Pinkerton,45.88,1955.4056
893,Julita Bickardike,25.95,5.88,31.83,06/01/2022,Finance,Regen Swainson,28.36,902.6988
894,Gerianna Lohan,32.6,13.67,46.27,11/01/2022,Sales,Tremain Goater,13.14,607.9878
895,Salvatore Spriggs,33.51,5.75,39.26,27/01/2022,Marketing,Claudius MacMillan,32.39,1271.6314
896,Isabelita Howerd,24.14,18.03,42.17,22/01/2022,IT,Tabby Rubroe,37.28,1572.0976
897,Lenci Girton,23.98,13.6,37.58,16/01/2022,Sales,Kaitlyn Sinnat,40.8,1533.264
898,Annis Moston,21.91,19.68,41.59,04/01/2022,IT,Lotti Jaggs,43.68,1816.6512
899,Kennett Creavin,4.41,13.83,18.24,03/01/2022,IT,Adrian Rulten,44.06,803.6544
900,Janelle Teresse,19.46,5.78,25.24,27/01/2022,IT,Amber Dowtry,17.69,446.4956
901,Nikolas McRannell,35.39,17.95,53.34,15/01/2022,IT,Malvina Rivitt,30.87,1646.6058
902,Emelita Petit,4.03,7.95,11.98,26/01/2022,HR,Gertrud Briscam,25.18,301.6564
903,Grete Thing,16.44,10.09,26.53,30/01/2022,Finance,Rodie Tattersall,21.12,560.3136
904,Tani Harrema,25.76,1.06,26.82,20/01/2022,IT,Gelya Posse,21.26,570.1932
905,Mariya Pinder,29.93,0.4,30.33,19/01/2022,Marketing,Pierson Pirt,15.5,470.115
906,Ronny Kinnane,20.13,1.62,21.75,07/01/2022,Finance,Brand Asp,22.8,495.9
907,Lora Burhouse,3.16,13.98,17.14,17/01/2022,IT,Crystal D'Onisi,10.13,173.6282
908,Aguste Esmond,26.4,14.3,40.7,05/01/2022,Sales,Elmo Jeaneau,32.18,1309.726
909,Josepha Feaver,33.61,16.73,50.34,28/01/2022,IT,Reid Barke,43.53,2191.3002
910,Aileen Faucherand,15.87,1.77,17.64,18/01/2022,Marketing,Elaina Haigh,19.58,345.3912
911,Wilburt Collibear,32.44,6.34,38.78,20/01/2022,Finance,Gennie Mankor,16.99,658.8722
912,Maura Levane,25.63,12.53,38.16,01/01/2022,HR,Rois Clara,16.73,638.4168
913,Bradly Lettuce,38.44,2.72,41.16,26/01/2022,Marketing,Cassandre Messent,27.42,1128.6072
914,Maximo Mounsie,32.12,6.79,38.91,24/01/2022,Finance,Catherine Messingham,43.46,1691.0286
915,Tobye Keedy,8.56,7.79,16.35,03/01/2022,Sales,Daniella Ducrow,43.11,704.8485
916,Naoma McCartney,10.34,15.85,26.19,15/01/2022,Finance,Dorian Muff,33.29,871.8651
917,Beulah MacGall,34.07,8.88,42.95,28/01/2022,IT,Dawn Kerwin,29.18,1253.281
918,Becka Maulden,36.6,19.2,55.8,23/01/2022,Finance,Annecorinne Thackston,36.26,2023.308
919,Reid Haller,22.61,9.7,32.31,20/01/2022,Finance,Beck Rollason,39.22,1267.1982
920,Junina Lowles,17.92,3.63,21.55,27/01/2022,HR,Adair Ghio,31.54,679.687
921,Faydra Gresly,10.47,5.56,16.03,13/01/2022,HR,Renell Hillin,18.0,288.54
922,Murvyn Waldera,35.88,13.2,49.08,05/01/2022,Sales,Jessalin Hatherall,19.34,949.2072
923,Cindra Shearston,29.34,12.85,42.19,04/01/2022,Finance,Cornelius Huburn,40.85,1723.4615
924,Carey Tatlock,32.53,5.53,38.06,10/01/2022,HR,Karalee Broadfoot,26.87,1022.6722
925,Gail Gouthier,23.3,18.94,42.24,19/01/2022,Finance,Neil Tabourin,32.55,1374.912
926,Dallas Rookwell,34.44,16.95,51.39,16/01/2022,HR,Goldina California,38.69,1988.2791
927,Ariella Gaddes,17.95,2.13,20.08,13/01/2022,Sales,Rozanna Feavearyear,48.57,975.2856
928,Royall Londors,24.51,6.02,30.53,02/01/2022,Sales,Heath Lilion,21.59,659.1427
929,Eleonora Woolaston,23.46,6.63,30.09,07/01/2022,Marketing,Shae Castillon,14.67,441.4203
930,Vinni Forshaw,13.34,4.65,17.99,05/01/2022,Finance,Faye Backwell,29.68,533.9432
931,Gabie Lazenbury,1.2,15.62,16.82,23/01/2022,Marketing,Sydney Yvens,32.25,542.445
932,Thorndike Blannin,36.53,15.62,52.15,02/01/2022,Marketing,Berkley Hindrick,21.75,1134.2625
933,George Gadie,6.89,11.71,18.6,13/01/2022,Marketing,Ephrayim Bootherstone,48.95,910.47
934,Hieronymus Ughini,5.94,13.74,19.68,08/01/2022,Sales,Monika Ollivier,38.45,756.696
935,Fianna Godson,23.62,15.86,39.48,18/01/2022,Finance,Bronson Downer,22.67,895.0116
936,Jojo Toffetto,7.14,0.3,7.44,07/01/2022,Sales,Marcel Keyes,44.89,333.9816
937,Wandis Aldred,31.52,15.67,47.19,09/01/2022,Sales,Reed Schustl,13.4,632.346
938,Ilene Colleton,4.59,8.62,13.21,07/01/2022,HR,Shirlee Elphee,21.85,288.6385
939,Bob Hawker,26.68,16.56,43.24,28/01/2022,Sales,Hanni Iacobini,13.34,576.8216
940,Harold Amiable,39.48,2.51,41.99,04/01/2022,IT,Arie Henaughan,38.75,1627.1125
941,Rolando Mallison,21.62,11.79,33.41,22/01/2022,Marketing,Brig Madigan,43.2,1443.312
942,Adoree Steabler,39.12,9.12,48.24,16/01/2022,HR,Cary Probbings,13.61,656.5464
943,Nollie Brugman,35.51,5.16,40.67,18/01/2022,Finance,Stanislaw Ramstead,48.73,1981.8491
944,Inglebert Somerville,18.48,14.61,33.09,16/01/2022,HR,Mair O'Cullen,30.78,1018.5102
945,Lotta Alejandre,3.76,12.54,16.3,03/01/2022,Marketing,Cyb Besemer,39.76,648.088
946,Sorcha Ponsford,28.76,13.27,42.03,24/01/2022,Finance,Garreth von Hagt,10.83,455.1849
947,Joly Laker,39.21,12.44,51.65,20/01/2022,Marketing,Parrnell Woolhouse,44.92,2320.118
948,Maximo Doherty,12.12,18.61,30.73,24/01/2022,HR,Randee Westgate,44.48,1366.8704
949,Ty Burling,14.91,13.34,28.25,11/01/2022,Marketing,Reid Duggon,15.04,424.88
950,Portia Stivens,32.91,7.07,39.98,15/01/2022,Finance,Phillipe Lucey,35.42,1416.0916
951,Torey Hanscome,37.2,1.41,38.61,01/01/2022,HR,Robbie Sutty,11.12,429.3432
952,Emelyne Smillie,6.87,13.06,19.93,29/01/2022,IT,Thatch Benadette,12.44,247.9292
953,Mariejeanne Cofax,31.05,7.81,38.86,14/01/2022,Finance,Florenza Studdal,44.29,1721.1094
954,Octavia Thrasher,5.1,5.79,10.89,19/01/2022,Finance,Yorke Robelin,46.76,509.2164
955,Katerine Wight,34.37,4.86,39.23,13/01/2022,Finance,Dottie Massenhove,10.52,412.6996
956,Horacio Padwick,24.23,3.65,27.88,27/01/2022,Sales,Maureene Yorke,43.52,1213.3376
957,Lucio Biddiss,27.6,13.64,41.24,30/01/2022,IT,Abdel Koche,23.81,981.9244
958,Cliff McKeller,21.75,1.69,23.44,13/01/2022,Marketing,Briggs Treversh,16.54,387.6976
959,Yolanda Sackur,7.97,4.14,12.11,13/01/2022,IT,Moyna Bather,29.63,358.8193
960,Marina MacDermand,3.56,14.3,17.86,18/01/2022,HR,Anthiathia Insoll,33.29,594.5594
961,Brande Strass,13.54,7.55,21.09,28/01/2022,Finance,Sheilakathryn Ashbrook,38.72,816.6048
962,Decca Eouzan,2.83,14.21,17.04,04/01/2022,HR,Selie Buey,35.2,599.808
963,Tera Attridge,8.1,5.73,13.83,18/01/2022,HR,Nisse Jursch,34.78,481.0074
964,Glendon Dods,13.45,15.63,29.08,23/01/2022,Sales,Morey Enrigo,25.52,742.1216
965,Rurik Ellif,32.25,18.83,51.08,13/01/2022,HR,Dionysus Lanphere,14.4,735.552
966,Trista Dugget,10.59,19.52,30.11,27/01/2022,IT,Paolo Arntzen,39.2,1180.312
967,Michelina Yelland,11.15,7.28,18.43,26/01/2022,Marketing,Georgiana Micheau,22.64,417.2552
968,Matty Gemlett,21.12,0.96,22.08,14/01/2022,IT,Joey Werendell,46.96,1036.8768
969,Kiele Norree,14.48,16.12,30.6,19/01/2022,Finance,Gaylor Ailmer,41.44,1268.064
970,Pauly Mc Grath,33.76,19.0,52.76,02/01/2022,IT,Rayna McDugal,18.97,1000.8572
971,Matthew Cords,24.87,10.55,35.42,19/01/2022,Finance,Stavro Reynold,36.26,1284.3292
972,Delila Hawkes,36.61,10.31,46.92,12/01/2022,IT,Henryetta Tenman,29.45,1381.794
973,Heidie Aberdalgy,19.4,10.85,30.25,12/01/2022,Finance,Barrett Borkett,26.63,805.5575
974,Agretha D'Agostino,32.21,6.07,38.28,17/01/2022,IT,Helenka Storrs,13.13,502.6164
975,Aline Headrick,19.36,7.36,26.72,13/01/2022,Sales,Jodee Tizard,34.47,921.0384
976,Francois Goney,35.23,7.69,42.92,02/01/2022,Sales,Edgar Spiers,29.89,1282.8788
977,Hewe Paye,31.0,13.67,44.67,28/01/2022,IT,Lauren Sweetman,46.06,2057.5002
978,Sallee Ellinor,19.22,11.42,30.64,21/01/2022,Finance,Catrina Sighart,22.67,694.6088
979,Darryl Ghelardoni,26.37,10.65,37.02,18/01/2022,Marketing,Quent Washbrook,34.53,1278.3006
980,Taylor Mains,6.06,13.46,19.52,05/01/2022,Sales,Griz Parysiak,39.61,773.1872
981,Gilda Duxfield,6.73,11.03,17.76,17/01/2022,IT,Philippine Wark,41.15,730.824
982,Pollyanna Oleszcuk,0.59,5.33,5.92,07/01/2022,Marketing,Roanne Inglis,21.14,125.1488
983,Sonny Aitkin,15.61,10.56,26.17,13/01/2022,Sales,Beatrisa Mirrlees,46.38,1213.7646
984,Aurthur Woodroof,5.56,17.46,23.02,23/01/2022,HR,Bonnie Alderson,25.31,582.6362
985,Larissa Dulson,11.49,7.89,19.38,05/01/2022,Finance,Jesse Greenwell,18.19,352.5222
986,Cody Shakespeare,11.43,16.43,27.86,03/01/2022,Finance,Tallia Rennenbach,27.38,762.8068
987,Kaja Conant,24.24,0.26,24.5,23/01/2022,HR,Blondie McIlvoray,35.99,881.755
988,Kizzee Leyborne,5.48,0.08,5.56,22/01/2022,Marketing,Kaycee Ccomini,35.8,199.048
989,Lana Greswell,32.37,11.01,43.38,05/01/2022,Sales,Basil Shakspeare,28.02,1215.5076
990,Sigmund Spondley,0.03,4.77,4.8,03/01/2022,Marketing,Abdel Brisson,35.6,170.88
991,Guendolen McGinny,23.18,1.54,24.72,21/01/2022,IT,Nicola Pawellek,39.91,986.5752
992,Rip Vivers,30.6,16.52,47.12,17/01/2022,Marketing,Jill Instrell,36.87,1737.3144
993,Nancee Capel,19.39,13.46,32.85,15/01/2022,Finance,Granthem McEneny,28.87,948.3795
994,Iolanthe Lund,39.4,12.2,51.6,16/01/2022,IT,Maxim Maple,22.48,1159.968
995,Reagen Hellyer,10.55,0.56,11.11,21/01/2022,IT,Harriett Duberry,25.96,288.4156
996,Theodor Lubomirski,17.73,16.56,34.29,08/01/2022,Marketing,Nessy Krahl,32.72,1121.9688
997,Mahala Arons,16.97,2.64,19.61,08/01/2022,Finance,Merrili Pauncefort,25.08,491.8188
998,Warren Pucker,16.7,15.81,32.51,21/01/2022,IT,Noel Walshe,33.78,1098.1878
999,Alanson Hurdidge,19.8,15.24,35.04,18/01/2022,Sales,Damian Elks,27.9,977.616
1000,Buffy Priestley,6.73,16.15,22.88,20/01/2022,IT,Dodi McSporrin,23.9,546.832
